{"textures":{"0":"bettermodel:item/tanuki_panda","particle":"bettermodel:item/tanuki_panda"},"elements":[{"from":[6.5,2.0,7.56107],"to":[9.5,10.0,10.5610695],"faces":{"north":{"uv":[11.75,3.5,12.5,5.5],"tintindex":-2,"texture":"#0"},"east":{"uv":[11.0,3.5,11.75,5.5],"tintindex":-2,"texture":"#0"},"south":{"uv":[13.25,3.5,14.0,5.5],"tintindex":-2,"texture":"#0"},"west":{"uv":[12.5,3.5,13.25,5.5],"tintindex":-2,"texture":"#0"},"up":{"uv":[12.5,3.5,11.75,2.75],"tintindex":-2,"texture":"#0"},"down":{"uv":[13.25,2.75,12.5,3.5],"tintindex":-2,"texture":"#0"}}}]}