{"textures":{"0":"bettermodel:item/tanuki_panda","particle":"bettermodel:item/tanuki_panda"},"elements":[{"from":[7.0,8.0,7.0],"to":[9.0,10.0,9.0],"faces":{"north":{"uv":[14.5,15.5,15.0,16.0],"tintindex":-2,"texture":"#0"},"east":{"uv":[14.0,15.5,14.5,16.0],"tintindex":-2,"texture":"#0"},"south":{"uv":[15.5,15.5,16.0,16.0],"tintindex":-2,"texture":"#0"},"west":{"uv":[15.0,15.5,15.5,16.0],"tintindex":-2,"texture":"#0"},"up":{"uv":[15.0,15.5,14.5,15.0],"tintindex":-2,"texture":"#0"},"down":{"uv":[15.5,15.0,15.0,15.5],"tintindex":-2,"texture":"#0"}}}]}