{"textures":{"0":"bettermodel:item/tanuki_panda","particle":"bettermodel:item/tanuki_panda"},"elements":[{"from":[5.0,5.94545,6.34663],"to":[11.0,11.94545,18.34663],"faces":{"north":{"uv":[9.5,8.75,11.0,10.25],"tintindex":-2,"texture":"#0"},"east":{"uv":[6.5,8.75,9.5,10.25],"tintindex":-2,"texture":"#0"},"south":{"uv":[14.0,8.75,15.5,10.25],"tintindex":-2,"texture":"#0"},"west":{"uv":[11.0,8.75,14.0,10.25],"tintindex":-2,"texture":"#0"},"up":{"uv":[11.0,8.75,9.5,5.75],"tintindex":-2,"texture":"#0"},"down":{"uv":[12.5,5.75,11.0,8.75],"tintindex":-2,"texture":"#0"}}}]}