{"textures":{"0":"bettermodel:item/tanuki_panda","particle":"bettermodel:item/tanuki_panda"},"elements":[{"from":[3.6264234,24.0,0.71070576],"to":[12.373577,24.0,8.0],"faces":{"north":{"uv":[0.0,16.0,3.0,16.0],"tintindex":-2,"texture":"#0"},"east":{"uv":[-2.5,16.0,0.0,16.0],"tintindex":-2,"texture":"#0"},"south":{"uv":[5.5,16.0,8.5,16.0],"tintindex":-2,"texture":"#0"},"west":{"uv":[3.0,16.0,5.5,16.0],"tintindex":-2,"texture":"#0"},"up":{"uv":[3.0,16.0,0.0,13.5],"tintindex":-2,"texture":"#0"},"down":{"uv":[6.0,13.5,3.0,16.0],"tintindex":-2,"texture":"#0"}}}]}