{"textures":{"0":"bettermodel:item/tanuki_panda","particle":"bettermodel:item/tanuki_panda"},"elements":[{"from":[6.0,9.06218,6.17949],"to":[10.0,9.06218,12.17949],"faces":{"north":{"uv":[7.25,6.0,8.25,6.0],"tintindex":-2,"texture":"#0"},"east":{"uv":[5.75,6.0,7.25,6.0],"tintindex":-2,"texture":"#0"},"south":{"uv":[9.75,6.0,10.75,6.0],"tintindex":-2,"texture":"#0"},"west":{"uv":[8.25,6.0,9.75,6.0],"tintindex":-2,"texture":"#0"},"up":{"uv":[8.25,6.0,7.25,4.5],"tintindex":-2,"texture":"#0"},"down":{"uv":[9.25,4.5,8.25,6.0],"tintindex":-2,"texture":"#0"}}}]}