{"textures":{"0":"bettermodel:item/armor/host_armor_2","1":"bettermodel:item/armor/host_armor_leggings_2","particle":"bettermodel:item/armor/host_armor_2"},"elements":[{"from":[10.34375,8.42188,10.34375],"to":[5.65625,3.73438,5.65625],"rotation":{"angle":0,"axis":"y","origin":[8,-0.25,8]},"faces":{"north":{"uv":[4,12.25,3,10],"texture":"#1","tintindex":0},"east":{"uv":[1,12.25,0,10],"texture":"#1","tintindex":0},"south":{"uv":[2,12.25,1,10],"texture":"#1","tintindex":0},"west":{"uv":[3,12.25,2,10],"texture":"#1","tintindex":0},"down":{"uv":[2,10,1,8],"texture":"#1","tintindex":0}}},{"from":[5.65625,3.73438,5.65625],"to":[10.34375,8.42188,10.34375],"rotation":{"angle":0,"axis":"y","origin":[8,-0.25,8]},"faces":{"north":{"uv":[2,10,1,12.25],"texture":"#1","tintindex":0},"east":{"uv":[3,10,2,12.25],"texture":"#1","tintindex":0},"south":{"uv":[4,10,3,12.25],"texture":"#1","tintindex":0},"west":{"uv":[1,10,0,12.25],"texture":"#1","tintindex":0},"up":{"uv":[1,10,2,8],"texture":"#1","tintindex":0}}}]}