{"textures":{"0":"bettermodel:item/tanuki_panda","particle":"bettermodel:item/tanuki_panda"},"elements":[{"from":[3.0,5.5,3.5],"to":[13.0,11.5,8.5],"faces":{"north":{"uv":[1.25,10.25,3.75,11.75],"tintindex":-2,"texture":"#0"},"east":{"uv":[0.0,10.25,1.25,11.75],"tintindex":-2,"texture":"#0"},"south":{"uv":[5.0,10.25,7.5,11.75],"tintindex":-2,"texture":"#0"},"west":{"uv":[3.75,10.25,5.0,11.75],"tintindex":-2,"texture":"#0"},"up":{"uv":[3.75,10.25,1.25,9.0],"tintindex":-2,"texture":"#0"},"down":{"uv":[6.25,9.0,3.75,10.25],"tintindex":-2,"texture":"#0"}}},{"from":[1.0,5.5,3.5],"to":[3.0,9.5,3.5],"faces":{"north":{"uv":[1.0,1.5,1.5,2.5],"tintindex":-2,"texture":"#0"},"east":{"uv":[1.0,1.5,1.0,2.5],"tintindex":-2,"texture":"#0"},"south":{"uv":[1.5,1.5,2.0,2.5],"tintindex":-2,"texture":"#0"},"west":{"uv":[1.5,1.5,1.5,2.5],"tintindex":-2,"texture":"#0"},"up":{"uv":[1.5,1.5,1.0,1.5],"tintindex":-2,"texture":"#0"},"down":{"uv":[2.0,1.5,1.5,1.5],"tintindex":-2,"texture":"#0"}}},{"from":[13.0,5.5,3.5],"to":[15.0,9.5,3.5],"faces":{"north":{"uv":[0.0,1.5,0.5,2.5],"tintindex":-2,"texture":"#0"},"east":{"uv":[0.0,1.5,0.0,2.5],"tintindex":-2,"texture":"#0"},"south":{"uv":[0.5,1.5,1.0,2.5],"tintindex":-2,"texture":"#0"},"west":{"uv":[0.5,1.5,0.5,2.5],"tintindex":-2,"texture":"#0"},"up":{"uv":[0.5,1.5,0.0,1.5],"tintindex":-2,"texture":"#0"},"down":{"uv":[1.0,1.5,0.5,1.5],"tintindex":-2,"texture":"#0"}}},{"from":[6.0,5.5,0.5],"to":[10.0,7.5,3.5],"faces":{"north":{"uv":[0.75,12.5,1.75,13.0],"tintindex":-2,"texture":"#0"},"east":{"uv":[0.0,12.5,0.75,13.0],"tintindex":-2,"texture":"#0"},"south":{"uv":[2.5,12.5,3.5,13.0],"tintindex":-2,"texture":"#0"},"west":{"uv":[1.75,12.5,2.5,13.0],"tintindex":-2,"texture":"#0"},"up":{"uv":[1.75,12.5,0.75,11.75],"tintindex":-2,"texture":"#0"},"down":{"uv":[2.75,11.75,1.75,12.5],"tintindex":-2,"texture":"#0"}}},{"from":[3.0,11.5,6.5],"to":[6.0,13.5,7.5],"faces":{"north":{"uv":[0.25,1.0,1.0,1.5],"tintindex":-2,"texture":"#0"},"east":{"uv":[0.0,1.0,0.25,1.5],"tintindex":-2,"texture":"#0"},"south":{"uv":[1.25,1.0,2.0,1.5],"tintindex":-2,"texture":"#0"},"west":{"uv":[1.0,1.0,1.25,1.5],"tintindex":-2,"texture":"#0"},"up":{"uv":[1.0,1.0,0.25,0.75],"tintindex":-2,"texture":"#0"},"down":{"uv":[1.75,0.75,1.0,1.0],"tintindex":-2,"texture":"#0"}}},{"from":[10.0,11.5,6.5],"to":[13.0,13.5,7.5],"faces":{"north":{"uv":[0.25,0.25,1.0,0.75],"tintindex":-2,"texture":"#0"},"east":{"uv":[0.0,0.25,0.25,0.75],"tintindex":-2,"texture":"#0"},"south":{"uv":[1.25,0.25,2.0,0.75],"tintindex":-2,"texture":"#0"},"west":{"uv":[1.0,0.25,1.25,0.75],"tintindex":-2,"texture":"#0"},"up":{"uv":[1.0,0.25,0.25,0.0],"tintindex":-2,"texture":"#0"},"down":{"uv":[1.75,0.0,1.0,0.25],"tintindex":-2,"texture":"#0"}}}]}