{"textures":{"0":"bettermodel:item/tanuki_panda","particle":"bettermodel:item/tanuki_panda"},"elements":[{"from":[2.0,8.0,-2.0],"to":[14.0,16.0,8.0],"faces":{"north":{"uv":[2.5,2.5,5.5,4.5],"tintindex":-2,"texture":"#0"},"east":{"uv":[0.0,2.5,2.5,4.5],"tintindex":-2,"texture":"#0"},"south":{"uv":[8.0,2.5,11.0,4.5],"tintindex":-2,"texture":"#0"},"west":{"uv":[5.5,2.5,8.0,4.5],"tintindex":-2,"texture":"#0"},"up":{"uv":[5.5,2.5,2.5,0.0],"tintindex":-2,"texture":"#0"},"down":{"uv":[8.5,0.0,5.5,2.5],"tintindex":-2,"texture":"#0"}}},{"from":[3.0,0.0,-2.0],"to":[13.0,8.0,7.0],"faces":{"north":{"uv":[2.25,6.75,4.75,8.75],"tintindex":-2,"texture":"#0"},"east":{"uv":[0.0,6.75,2.25,8.75],"tintindex":-2,"texture":"#0"},"south":{"uv":[7.0,6.75,9.5,8.75],"tintindex":-2,"texture":"#0"},"west":{"uv":[4.75,6.75,7.0,8.75],"tintindex":-2,"texture":"#0"},"up":{"uv":[4.75,6.75,2.25,4.5],"tintindex":-2,"texture":"#0"},"down":{"uv":[7.25,4.5,4.75,6.75],"tintindex":-2,"texture":"#0"}}}]}