{"textures":{"0":"bettermodel:item/tanuki_panda","particle":"bettermodel:item/tanuki_panda"},"elements":[{"from":[6.5,3.0,6.0],"to":[9.5,11.0,9.0],"faces":{"north":{"uv":[8.25,11.0,9.0,13.0],"tintindex":-2,"texture":"#0"},"east":{"uv":[7.5,11.0,8.25,13.0],"tintindex":-2,"texture":"#0"},"south":{"uv":[9.75,11.0,10.5,13.0],"tintindex":-2,"texture":"#0"},"west":{"uv":[9.0,11.0,9.75,13.0],"tintindex":-2,"texture":"#0"},"up":{"uv":[9.0,11.0,8.25,10.25],"tintindex":-2,"texture":"#0"},"down":{"uv":[9.75,10.25,9.0,11.0],"tintindex":-2,"texture":"#0"}}}]}