{"parent":"minecraft:item/generated","textures":{"layer0":"minecraft:item/leather_horse_armor"},"overrides":[{"predicate":{"custom_model_data":1},"model":"bettermodel:item/demon_knight_upper_body_1"},{"predicate":{"custom_model_data":2},"model":"bettermodel:item/demon_knight_h_head_1"},{"predicate":{"custom_model_data":3},"model":"bettermodel:item/demon_knight_cloak_1"},{"predicate":{"custom_model_data":4},"model":"bettermodel:item/demon_knight_right_arm_1"},{"predicate":{"custom_model_data":5},"model":"bettermodel:item/demon_knight_right_sub_arm_1"},{"predicate":{"custom_model_data":6},"model":"bettermodel:item/demon_knight_right_hand_1"},{"predicate":{"custom_model_data":7},"model":"bettermodel:item/demon_knight_hammer_1"},{"predicate":{"custom_model_data":8},"model":"bettermodel:item/demon_knight_vfx_pierce_1"},{"predicate":{"custom_model_data":9},"model":"bettermodel:item/demon_knight_vfx_slash_1"},{"predicate":{"custom_model_data":10},"model":"bettermodel:item/demon_knight_left_arm_1"},{"predicate":{"custom_model_data":11},"model":"bettermodel:item/demon_knight_left_sub_arm_1"},{"predicate":{"custom_model_data":12},"model":"bettermodel:item/demon_knight_left_hand_1"},{"predicate":{"custom_model_data":13},"model":"bettermodel:item/demon_knight_shield_1"},{"predicate":{"custom_model_data":14},"model":"bettermodel:item/demon_knight_under_body_1"},{"predicate":{"custom_model_data":15},"model":"bettermodel:item/demon_knight_front_armor_1"},{"predicate":{"custom_model_data":16},"model":"bettermodel:item/demon_knight_back_armor_1"},{"predicate":{"custom_model_data":17},"model":"bettermodel:item/demon_knight_right_armor_1"},{"predicate":{"custom_model_data":18},"model":"bettermodel:item/demon_knight_left_armor_1"},{"predicate":{"custom_model_data":19},"model":"bettermodel:item/demon_knight_right_leg_1"},{"predicate":{"custom_model_data":20},"model":"bettermodel:item/demon_knight_right_sub_leg_1"},{"predicate":{"custom_model_data":21},"model":"bettermodel:item/demon_knight_right_feet_1"},{"predicate":{"custom_model_data":22},"model":"bettermodel:item/demon_knight_left_leg_1"},{"predicate":{"custom_model_data":23},"model":"bettermodel:item/demon_knight_left_sub_leg_1"},{"predicate":{"custom_model_data":24},"model":"bettermodel:item/demon_knight_left_feet_1"},{"predicate":{"custom_model_data":25},"model":"bettermodel:item/tanuki_h_bone3_1"},{"predicate":{"custom_model_data":26},"model":"bettermodel:item/tanuki_bone_1"},{"predicate":{"custom_model_data":27},"model":"bettermodel:item/tanuki_ptag_nametag_1"},{"predicate":{"custom_model_data":28},"model":"bettermodel:item/tanuki_leg4_1"},{"predicate":{"custom_model_data":29},"model":"bettermodel:item/tanuki_leg5_1"},{"predicate":{"custom_model_data":30},"model":"bettermodel:item/tanuki_leg6_1"},{"predicate":{"custom_model_data":31},"model":"bettermodel:item/tanuki_leg7_1"},{"predicate":{"custom_model_data":32},"model":"bettermodel:item/tanuki_rotation_1"},{"predicate":{"custom_model_data":33},"model":"bettermodel:item/tanuki_collar_1"},{"predicate":{"custom_model_data":34},"model":"bettermodel:item/tanuki_bone2_1"}]}