{"textures":{"0":"bettermodel:item/tanuki_panda","particle":"bettermodel:item/tanuki_panda"},"elements":[{"from":[6.5,3.1611,6.41363],"to":[9.5,11.1611,9.41363],"faces":{"north":{"uv":[11.25,11.0,12.0,13.0],"tintindex":-2,"texture":"#0"},"east":{"uv":[10.5,11.0,11.25,13.0],"tintindex":-2,"texture":"#0"},"south":{"uv":[12.75,11.0,13.5,13.0],"tintindex":-2,"texture":"#0"},"west":{"uv":[12.0,11.0,12.75,13.0],"tintindex":-2,"texture":"#0"},"up":{"uv":[12.0,11.0,11.25,10.25],"tintindex":-2,"texture":"#0"},"down":{"uv":[12.75,10.25,12.0,11.0],"tintindex":-2,"texture":"#0"}}}]}