{"textures":{"0":"bettermodel:item/tanuki_panda","particle":"bettermodel:item/tanuki_panda"},"elements":[{"from":[6.5,2.2304401,6.34149],"to":[9.5,10.23044,9.34149],"faces":{"north":{"uv":[11.75,0.75,12.5,2.75],"tintindex":-2,"texture":"#0"},"east":{"uv":[11.0,0.75,11.75,2.75],"tintindex":-2,"texture":"#0"},"south":{"uv":[13.25,0.75,14.0,2.75],"tintindex":-2,"texture":"#0"},"west":{"uv":[12.5,0.75,13.25,2.75],"tintindex":-2,"texture":"#0"},"up":{"uv":[12.5,0.75,11.75,0.0],"tintindex":-2,"texture":"#0"},"down":{"uv":[13.25,0.0,12.5,0.75],"tintindex":-2,"texture":"#0"}}}]}