{"model":{"type":"range_dispatch","property":"custom_model_data","fallback":{"type":"minecraft:empty"},"entries":[{"threshold":1,"model":{"type":"minecraft:model","model":"bettermodel:modern_item/jenny_torso_1","tints":[{"type":"minecraft:custom_model_data","default":16777215}]}},{"threshold":2,"model":{"type":"minecraft:composite","models":[{"type":"minecraft:model","model":"bettermodel:modern_item/jenny_hipbend_1","tints":[{"type":"minecraft:custom_model_data","default":16777215}]},{"type":"minecraft:model","model":"bettermodel:modern_item/jenny_hipbend_2","tints":[{"type":"minecraft:custom_model_data","default":16777215}]},{"type":"minecraft:model","model":"bettermodel:modern_item/jenny_hipbend_3","tints":[{"type":"minecraft:custom_model_data","default":16777215}]},{"type":"minecraft:model","model":"bettermodel:modern_item/jenny_hipbend_4","tints":[{"type":"minecraft:custom_model_data","default":16777215}]}]}},{"threshold":3,"model":{"type":"minecraft:model","model":"bettermodel:modern_item/jenny_h_head_1","tints":[{"type":"minecraft:custom_model_data","default":16777215}]}},{"threshold":4,"model":{"type":"minecraft:model","model":"bettermodel:modern_item/jenny_heart_1","tints":[{"type":"minecraft:custom_model_data","default":16777215}]}},{"threshold":5,"model":{"type":"minecraft:model","model":"bettermodel:modern_item/jenny_hair_1","tints":[{"type":"minecraft:custom_model_data","default":16777215}]}},{"threshold":6,"model":{"type":"minecraft:model","model":"bettermodel:modern_item/jenny_flower_1","tints":[{"type":"minecraft:custom_model_data","default":16777215}]}},{"threshold":7,"model":{"type":"minecraft:model","model":"bettermodel:modern_item/jenny_browl_1","tints":[{"type":"minecraft:custom_model_data","default":16777215}]}},{"threshold":8,"model":{"type":"minecraft:model","model":"bettermodel:modern_item/jenny_closedl_1","tints":[{"type":"minecraft:custom_model_data","default":16777215}]}},{"threshold":9,"model":{"type":"minecraft:composite","models":[{"type":"minecraft:model","model":"bettermodel:modern_item/jenny_closedlashl_1","tints":[{"type":"minecraft:custom_model_data","default":16777215}]},{"type":"minecraft:model","model":"bettermodel:modern_item/jenny_closedlashl_2","tints":[{"type":"minecraft:custom_model_data","default":16777215}]},{"type":"minecraft:model","model":"bettermodel:modern_item/jenny_closedlashl_3","tints":[{"type":"minecraft:custom_model_data","default":16777215}]},{"type":"minecraft:model","model":"bettermodel:modern_item/jenny_closedlashl_4","tints":[{"type":"minecraft:custom_model_data","default":16777215}]},{"type":"minecraft:model","model":"bettermodel:modern_item/jenny_closedlashl_5","tints":[{"type":"minecraft:custom_model_data","default":16777215}]}]}},{"threshold":10,"model":{"type":"minecraft:composite","models":[{"type":"minecraft:model","model":"bettermodel:modern_item/jenny_lashl_1","tints":[{"type":"minecraft:custom_model_data","default":16777215}]},{"type":"minecraft:model","model":"bettermodel:modern_item/jenny_lashl_2","tints":[{"type":"minecraft:custom_model_data","default":16777215}]},{"type":"minecraft:model","model":"bettermodel:modern_item/jenny_lashl_3","tints":[{"type":"minecraft:custom_model_data","default":16777215}]},{"type":"minecraft:model","model":"bettermodel:modern_item/jenny_lashl_4","tints":[{"type":"minecraft:custom_model_data","default":16777215}]},{"type":"minecraft:model","model":"bettermodel:modern_item/jenny_lashl_5","tints":[{"type":"minecraft:custom_model_data","default":16777215}]}]}},{"threshold":11,"model":{"type":"minecraft:model","model":"bettermodel:modern_item/jenny_innerlashl_1","tints":[{"type":"minecraft:custom_model_data","default":16777215}]}},{"threshold":12,"model":{"type":"minecraft:model","model":"bettermodel:modern_item/jenny_outerlashl_1","tints":[{"type":"minecraft:custom_model_data","default":16777215}]}},{"threshold":13,"model":{"type":"minecraft:model","model":"bettermodel:modern_item/jenny_irsisfacel_1","tints":[{"type":"minecraft:custom_model_data","default":16777215}]}},{"threshold":14,"model":{"type":"minecraft:model","model":"bettermodel:modern_item/jenny_whitespotl_1","tints":[{"type":"minecraft:custom_model_data","default":16777215}]}},{"threshold":15,"model":{"type":"minecraft:model","model":"bettermodel:modern_item/jenny_whitel_1","tints":[{"type":"minecraft:custom_model_data","default":16777215}]}},{"threshold":16,"model":{"type":"minecraft:model","model":"bettermodel:modern_item/jenny_browr_1","tints":[{"type":"minecraft:custom_model_data","default":16777215}]}},{"threshold":17,"model":{"type":"minecraft:model","model":"bettermodel:modern_item/jenny_closedr_1","tints":[{"type":"minecraft:custom_model_data","default":16777215}]}},{"threshold":18,"model":{"type":"minecraft:composite","models":[{"type":"minecraft:model","model":"bettermodel:modern_item/jenny_closedlashr_1","tints":[{"type":"minecraft:custom_model_data","default":16777215}]},{"type":"minecraft:model","model":"bettermodel:modern_item/jenny_closedlashr_2","tints":[{"type":"minecraft:custom_model_data","default":16777215}]},{"type":"minecraft:model","model":"bettermodel:modern_item/jenny_closedlashr_3","tints":[{"type":"minecraft:custom_model_data","default":16777215}]},{"type":"minecraft:model","model":"bettermodel:modern_item/jenny_closedlashr_4","tints":[{"type":"minecraft:custom_model_data","default":16777215}]},{"type":"minecraft:model","model":"bettermodel:modern_item/jenny_closedlashr_5","tints":[{"type":"minecraft:custom_model_data","default":16777215}]}]}},{"threshold":19,"model":{"type":"minecraft:composite","models":[{"type":"minecraft:model","model":"bettermodel:modern_item/jenny_lashr_1","tints":[{"type":"minecraft:custom_model_data","default":16777215}]},{"type":"minecraft:model","model":"bettermodel:modern_item/jenny_lashr_2","tints":[{"type":"minecraft:custom_model_data","default":16777215}]},{"type":"minecraft:model","model":"bettermodel:modern_item/jenny_lashr_3","tints":[{"type":"minecraft:custom_model_data","default":16777215}]},{"type":"minecraft:model","model":"bettermodel:modern_item/jenny_lashr_4","tints":[{"type":"minecraft:custom_model_data","default":16777215}]},{"type":"minecraft:model","model":"bettermodel:modern_item/jenny_lashr_5","tints":[{"type":"minecraft:custom_model_data","default":16777215}]}]}},{"threshold":20,"model":{"type":"minecraft:model","model":"bettermodel:modern_item/jenny_innerlashr_1","tints":[{"type":"minecraft:custom_model_data","default":16777215}]}},{"threshold":21,"model":{"type":"minecraft:model","model":"bettermodel:modern_item/jenny_outerlashr_1","tints":[{"type":"minecraft:custom_model_data","default":16777215}]}},{"threshold":22,"model":{"type":"minecraft:model","model":"bettermodel:modern_item/jenny_irsisfacer_1","tints":[{"type":"minecraft:custom_model_data","default":16777215}]}},{"threshold":23,"model":{"type":"minecraft:model","model":"bettermodel:modern_item/jenny_whitespotr_1","tints":[{"type":"minecraft:custom_model_data","default":16777215}]}},{"threshold":24,"model":{"type":"minecraft:model","model":"bettermodel:modern_item/jenny_whiter_1","tints":[{"type":"minecraft:custom_model_data","default":16777215}]}},{"threshold":25,"model":{"type":"minecraft:model","model":"bettermodel:modern_item/jenny_widesmugsmile2_1","tints":[{"type":"minecraft:custom_model_data","default":16777215}]}},{"threshold":26,"model":{"type":"minecraft:model","model":"bettermodel:modern_item/jenny_smugsmile2_1","tints":[{"type":"minecraft:custom_model_data","default":16777215}]}},{"threshold":27,"model":{"type":"minecraft:model","model":"bettermodel:modern_item/jenny_bigsmile_1","tints":[{"type":"minecraft:custom_model_data","default":16777215}]}},{"threshold":28,"model":{"type":"minecraft:model","model":"bettermodel:modern_item/jenny_cum_1","tints":[{"type":"minecraft:custom_model_data","default":16777215}]}},{"threshold":29,"model":{"type":"minecraft:model","model":"bettermodel:modern_item/jenny_mouththingdown_1","tints":[{"type":"minecraft:custom_model_data","default":16777215}]}},{"threshold":30,"model":{"type":"minecraft:model","model":"bettermodel:modern_item/jenny_worryed_1","tints":[{"type":"minecraft:custom_model_data","default":16777215}]}},{"threshold":31,"model":{"type":"minecraft:model","model":"bettermodel:modern_item/jenny_normalsmile_1","tints":[{"type":"minecraft:custom_model_data","default":16777215}]}},{"threshold":32,"model":{"type":"minecraft:model","model":"bettermodel:modern_item/jenny_tonguesmile2_1","tints":[{"type":"minecraft:custom_model_data","default":16777215}]}},{"threshold":33,"model":{"type":"minecraft:model","model":"bettermodel:modern_item/jenny_suprisedpikatchu_1","tints":[{"type":"minecraft:custom_model_data","default":16777215}]}},{"threshold":34,"model":{"type":"minecraft:model","model":"bettermodel:modern_item/jenny_tonguesmile_1","tints":[{"type":"minecraft:custom_model_data","default":16777215}]}},{"threshold":35,"model":{"type":"minecraft:model","model":"bettermodel:modern_item/jenny_blush_1","tints":[{"type":"minecraft:custom_model_data","default":16777215}]}},{"threshold":36,"model":{"type":"minecraft:model","model":"bettermodel:modern_item/jenny_ptag_nametag_1","tints":[{"type":"minecraft:custom_model_data","default":16777215}]}},{"threshold":37,"model":{"type":"minecraft:model","model":"bettermodel:modern_item/jenny_neck_1","tints":[{"type":"minecraft:custom_model_data","default":16777215}]}},{"threshold":38,"model":{"type":"minecraft:model","model":"bettermodel:modern_item/jenny_choker_1","tints":[{"type":"minecraft:custom_model_data","default":16777215}]}},{"threshold":39,"model":{"type":"minecraft:model","model":"bettermodel:modern_item/jenny_bell_1","tints":[{"type":"minecraft:custom_model_data","default":16777215}]}},{"threshold":40,"model":{"type":"minecraft:composite","models":[{"type":"minecraft:model","model":"bettermodel:modern_item/jenny_boobpreviwl_1","tints":[{"type":"minecraft:custom_model_data","default":16777215}]},{"type":"minecraft:model","model":"bettermodel:modern_item/jenny_boobpreviwl_2","tints":[{"type":"minecraft:custom_model_data","default":16777215}]},{"type":"minecraft:model","model":"bettermodel:modern_item/jenny_boobpreviwl_3","tints":[{"type":"minecraft:custom_model_data","default":16777215}]},{"type":"minecraft:model","model":"bettermodel:modern_item/jenny_boobpreviwl_4","tints":[{"type":"minecraft:custom_model_data","default":16777215}]},{"type":"minecraft:model","model":"bettermodel:modern_item/jenny_boobpreviwl_5","tints":[{"type":"minecraft:custom_model_data","default":16777215}]},{"type":"minecraft:model","model":"bettermodel:modern_item/jenny_boobpreviwl_6","tints":[{"type":"minecraft:custom_model_data","default":16777215}]},{"type":"minecraft:model","model":"bettermodel:modern_item/jenny_boobpreviwl_7","tints":[{"type":"minecraft:custom_model_data","default":16777215}]},{"type":"minecraft:model","model":"bettermodel:modern_item/jenny_boobpreviwl_8","tints":[{"type":"minecraft:custom_model_data","default":16777215}]},{"type":"minecraft:model","model":"bettermodel:modern_item/jenny_boobpreviwl_9","tints":[{"type":"minecraft:custom_model_data","default":16777215}]},{"type":"minecraft:model","model":"bettermodel:modern_item/jenny_boobpreviwl_10","tints":[{"type":"minecraft:custom_model_data","default":16777215}]},{"type":"minecraft:model","model":"bettermodel:modern_item/jenny_boobpreviwl_11","tints":[{"type":"minecraft:custom_model_data","default":16777215}]},{"type":"minecraft:model","model":"bettermodel:modern_item/jenny_boobpreviwl_12","tints":[{"type":"minecraft:custom_model_data","default":16777215}]},{"type":"minecraft:model","model":"bettermodel:modern_item/jenny_boobpreviwl_13","tints":[{"type":"minecraft:custom_model_data","default":16777215}]}]}},{"threshold":41,"model":{"type":"minecraft:composite","models":[{"type":"minecraft:model","model":"bettermodel:modern_item/jenny_boobpreviewr_1","tints":[{"type":"minecraft:custom_model_data","default":16777215}]},{"type":"minecraft:model","model":"bettermodel:modern_item/jenny_boobpreviewr_2","tints":[{"type":"minecraft:custom_model_data","default":16777215}]},{"type":"minecraft:model","model":"bettermodel:modern_item/jenny_boobpreviewr_3","tints":[{"type":"minecraft:custom_model_data","default":16777215}]},{"type":"minecraft:model","model":"bettermodel:modern_item/jenny_boobpreviewr_4","tints":[{"type":"minecraft:custom_model_data","default":16777215}]},{"type":"minecraft:model","model":"bettermodel:modern_item/jenny_boobpreviewr_5","tints":[{"type":"minecraft:custom_model_data","default":16777215}]},{"type":"minecraft:model","model":"bettermodel:modern_item/jenny_boobpreviewr_6","tints":[{"type":"minecraft:custom_model_data","default":16777215}]},{"type":"minecraft:model","model":"bettermodel:modern_item/jenny_boobpreviewr_7","tints":[{"type":"minecraft:custom_model_data","default":16777215}]},{"type":"minecraft:model","model":"bettermodel:modern_item/jenny_boobpreviewr_8","tints":[{"type":"minecraft:custom_model_data","default":16777215}]},{"type":"minecraft:model","model":"bettermodel:modern_item/jenny_boobpreviewr_9","tints":[{"type":"minecraft:custom_model_data","default":16777215}]},{"type":"minecraft:model","model":"bettermodel:modern_item/jenny_boobpreviewr_10","tints":[{"type":"minecraft:custom_model_data","default":16777215}]},{"type":"minecraft:model","model":"bettermodel:modern_item/jenny_boobpreviewr_11","tints":[{"type":"minecraft:custom_model_data","default":16777215}]},{"type":"minecraft:model","model":"bettermodel:modern_item/jenny_boobpreviewr_12","tints":[{"type":"minecraft:custom_model_data","default":16777215}]},{"type":"minecraft:model","model":"bettermodel:modern_item/jenny_boobpreviewr_13","tints":[{"type":"minecraft:custom_model_data","default":16777215}]}]}},{"threshold":42,"model":{"type":"minecraft:composite","models":[{"type":"minecraft:model","model":"bettermodel:modern_item/jenny_midsection6_1","tints":[{"type":"minecraft:custom_model_data","default":16777215}]},{"type":"minecraft:model","model":"bettermodel:modern_item/jenny_midsection6_2","tints":[{"type":"minecraft:custom_model_data","default":16777215}]},{"type":"minecraft:model","model":"bettermodel:modern_item/jenny_midsection6_3","tints":[{"type":"minecraft:custom_model_data","default":16777215}]},{"type":"minecraft:model","model":"bettermodel:modern_item/jenny_midsection6_4","tints":[{"type":"minecraft:custom_model_data","default":16777215}]},{"type":"minecraft:model","model":"bettermodel:modern_item/jenny_midsection6_5","tints":[{"type":"minecraft:custom_model_data","default":16777215}]},{"type":"minecraft:model","model":"bettermodel:modern_item/jenny_midsection6_6","tints":[{"type":"minecraft:custom_model_data","default":16777215}]},{"type":"minecraft:model","model":"bettermodel:modern_item/jenny_midsection6_7","tints":[{"type":"minecraft:custom_model_data","default":16777215}]},{"type":"minecraft:model","model":"bettermodel:modern_item/jenny_midsection6_8","tints":[{"type":"minecraft:custom_model_data","default":16777215}]},{"type":"minecraft:model","model":"bettermodel:modern_item/jenny_midsection6_9","tints":[{"type":"minecraft:custom_model_data","default":16777215}]},{"type":"minecraft:model","model":"bettermodel:modern_item/jenny_midsection6_10","tints":[{"type":"minecraft:custom_model_data","default":16777215}]},{"type":"minecraft:model","model":"bettermodel:modern_item/jenny_midsection6_11","tints":[{"type":"minecraft:custom_model_data","default":16777215}]},{"type":"minecraft:model","model":"bettermodel:modern_item/jenny_midsection6_12","tints":[{"type":"minecraft:custom_model_data","default":16777215}]},{"type":"minecraft:model","model":"bettermodel:modern_item/jenny_midsection6_13","tints":[{"type":"minecraft:custom_model_data","default":16777215}]},{"type":"minecraft:model","model":"bettermodel:modern_item/jenny_midsection6_14","tints":[{"type":"minecraft:custom_model_data","default":16777215}]}]}},{"threshold":43,"model":{"type":"minecraft:composite","models":[{"type":"minecraft:model","model":"bettermodel:modern_item/jenny_bralside2_1","tints":[{"type":"minecraft:custom_model_data","default":16777215}]},{"type":"minecraft:model","model":"bettermodel:modern_item/jenny_bralside2_2","tints":[{"type":"minecraft:custom_model_data","default":16777215}]},{"type":"minecraft:model","model":"bettermodel:modern_item/jenny_bralside2_3","tints":[{"type":"minecraft:custom_model_data","default":16777215}]},{"type":"minecraft:model","model":"bettermodel:modern_item/jenny_bralside2_4","tints":[{"type":"minecraft:custom_model_data","default":16777215}]},{"type":"minecraft:model","model":"bettermodel:modern_item/jenny_bralside2_5","tints":[{"type":"minecraft:custom_model_data","default":16777215}]},{"type":"minecraft:model","model":"bettermodel:modern_item/jenny_bralside2_6","tints":[{"type":"minecraft:custom_model_data","default":16777215}]},{"type":"minecraft:model","model":"bettermodel:modern_item/jenny_bralside2_7","tints":[{"type":"minecraft:custom_model_data","default":16777215}]},{"type":"minecraft:model","model":"bettermodel:modern_item/jenny_bralside2_8","tints":[{"type":"minecraft:custom_model_data","default":16777215}]},{"type":"minecraft:model","model":"bettermodel:modern_item/jenny_bralside2_9","tints":[{"type":"minecraft:custom_model_data","default":16777215}]},{"type":"minecraft:model","model":"bettermodel:modern_item/jenny_bralside2_10","tints":[{"type":"minecraft:custom_model_data","default":16777215}]},{"type":"minecraft:model","model":"bettermodel:modern_item/jenny_bralside2_11","tints":[{"type":"minecraft:custom_model_data","default":16777215}]},{"type":"minecraft:model","model":"bettermodel:modern_item/jenny_bralside2_12","tints":[{"type":"minecraft:custom_model_data","default":16777215}]},{"type":"minecraft:model","model":"bettermodel:modern_item/jenny_bralside2_13","tints":[{"type":"minecraft:custom_model_data","default":16777215}]},{"type":"minecraft:model","model":"bettermodel:modern_item/jenny_bralside2_14","tints":[{"type":"minecraft:custom_model_data","default":16777215}]},{"type":"minecraft:model","model":"bettermodel:modern_item/jenny_bralside2_15","tints":[{"type":"minecraft:custom_model_data","default":16777215}]},{"type":"minecraft:model","model":"bettermodel:modern_item/jenny_bralside2_16","tints":[{"type":"minecraft:custom_model_data","default":16777215}]},{"type":"minecraft:model","model":"bettermodel:modern_item/jenny_bralside2_17","tints":[{"type":"minecraft:custom_model_data","default":16777215}]},{"type":"minecraft:model","model":"bettermodel:modern_item/jenny_bralside2_18","tints":[{"type":"minecraft:custom_model_data","default":16777215}]},{"type":"minecraft:model","model":"bettermodel:modern_item/jenny_bralside2_19","tints":[{"type":"minecraft:custom_model_data","default":16777215}]},{"type":"minecraft:model","model":"bettermodel:modern_item/jenny_bralside2_20","tints":[{"type":"minecraft:custom_model_data","default":16777215}]},{"type":"minecraft:model","model":"bettermodel:modern_item/jenny_bralside2_21","tints":[{"type":"minecraft:custom_model_data","default":16777215}]},{"type":"minecraft:model","model":"bettermodel:modern_item/jenny_bralside2_22","tints":[{"type":"minecraft:custom_model_data","default":16777215}]},{"type":"minecraft:model","model":"bettermodel:modern_item/jenny_bralside2_23","tints":[{"type":"minecraft:custom_model_data","default":16777215}]},{"type":"minecraft:model","model":"bettermodel:modern_item/jenny_bralside2_24","tints":[{"type":"minecraft:custom_model_data","default":16777215}]},{"type":"minecraft:model","model":"bettermodel:modern_item/jenny_bralside2_25","tints":[{"type":"minecraft:custom_model_data","default":16777215}]},{"type":"minecraft:model","model":"bettermodel:modern_item/jenny_bralside2_26","tints":[{"type":"minecraft:custom_model_data","default":16777215}]},{"type":"minecraft:model","model":"bettermodel:modern_item/jenny_bralside2_27","tints":[{"type":"minecraft:custom_model_data","default":16777215}]},{"type":"minecraft:model","model":"bettermodel:modern_item/jenny_bralside2_28","tints":[{"type":"minecraft:custom_model_data","default":16777215}]},{"type":"minecraft:model","model":"bettermodel:modern_item/jenny_bralside2_29","tints":[{"type":"minecraft:custom_model_data","default":16777215}]},{"type":"minecraft:model","model":"bettermodel:modern_item/jenny_bralside2_30","tints":[{"type":"minecraft:custom_model_data","default":16777215}]},{"type":"minecraft:model","model":"bettermodel:modern_item/jenny_bralside2_31","tints":[{"type":"minecraft:custom_model_data","default":16777215}]},{"type":"minecraft:model","model":"bettermodel:modern_item/jenny_bralside2_32","tints":[{"type":"minecraft:custom_model_data","default":16777215}]},{"type":"minecraft:model","model":"bettermodel:modern_item/jenny_bralside2_33","tints":[{"type":"minecraft:custom_model_data","default":16777215}]},{"type":"minecraft:model","model":"bettermodel:modern_item/jenny_bralside2_34","tints":[{"type":"minecraft:custom_model_data","default":16777215}]},{"type":"minecraft:model","model":"bettermodel:modern_item/jenny_bralside2_35","tints":[{"type":"minecraft:custom_model_data","default":16777215}]},{"type":"minecraft:model","model":"bettermodel:modern_item/jenny_bralside2_36","tints":[{"type":"minecraft:custom_model_data","default":16777215}]},{"type":"minecraft:model","model":"bettermodel:modern_item/jenny_bralside2_37","tints":[{"type":"minecraft:custom_model_data","default":16777215}]},{"type":"minecraft:model","model":"bettermodel:modern_item/jenny_bralside2_38","tints":[{"type":"minecraft:custom_model_data","default":16777215}]},{"type":"minecraft:model","model":"bettermodel:modern_item/jenny_bralside2_39","tints":[{"type":"minecraft:custom_model_data","default":16777215}]},{"type":"minecraft:model","model":"bettermodel:modern_item/jenny_bralside2_40","tints":[{"type":"minecraft:custom_model_data","default":16777215}]},{"type":"minecraft:model","model":"bettermodel:modern_item/jenny_bralside2_41","tints":[{"type":"minecraft:custom_model_data","default":16777215}]},{"type":"minecraft:model","model":"bettermodel:modern_item/jenny_bralside2_42","tints":[{"type":"minecraft:custom_model_data","default":16777215}]},{"type":"minecraft:model","model":"bettermodel:modern_item/jenny_bralside2_43","tints":[{"type":"minecraft:custom_model_data","default":16777215}]},{"type":"minecraft:model","model":"bettermodel:modern_item/jenny_bralside2_44","tints":[{"type":"minecraft:custom_model_data","default":16777215}]},{"type":"minecraft:model","model":"bettermodel:modern_item/jenny_bralside2_45","tints":[{"type":"minecraft:custom_model_data","default":16777215}]},{"type":"minecraft:model","model":"bettermodel:modern_item/jenny_bralside2_46","tints":[{"type":"minecraft:custom_model_data","default":16777215}]},{"type":"minecraft:model","model":"bettermodel:modern_item/jenny_bralside2_47","tints":[{"type":"minecraft:custom_model_data","default":16777215}]},{"type":"minecraft:model","model":"bettermodel:modern_item/jenny_bralside2_48","tints":[{"type":"minecraft:custom_model_data","default":16777215}]},{"type":"minecraft:model","model":"bettermodel:modern_item/jenny_bralside2_49","tints":[{"type":"minecraft:custom_model_data","default":16777215}]},{"type":"minecraft:model","model":"bettermodel:modern_item/jenny_bralside2_50","tints":[{"type":"minecraft:custom_model_data","default":16777215}]},{"type":"minecraft:model","model":"bettermodel:modern_item/jenny_bralside2_51","tints":[{"type":"minecraft:custom_model_data","default":16777215}]},{"type":"minecraft:model","model":"bettermodel:modern_item/jenny_bralside2_52","tints":[{"type":"minecraft:custom_model_data","default":16777215}]},{"type":"minecraft:model","model":"bettermodel:modern_item/jenny_bralside2_53","tints":[{"type":"minecraft:custom_model_data","default":16777215}]},{"type":"minecraft:model","model":"bettermodel:modern_item/jenny_bralside2_54","tints":[{"type":"minecraft:custom_model_data","default":16777215}]},{"type":"minecraft:model","model":"bettermodel:modern_item/jenny_bralside2_55","tints":[{"type":"minecraft:custom_model_data","default":16777215}]},{"type":"minecraft:model","model":"bettermodel:modern_item/jenny_bralside2_56","tints":[{"type":"minecraft:custom_model_data","default":16777215}]},{"type":"minecraft:model","model":"bettermodel:modern_item/jenny_bralside2_57","tints":[{"type":"minecraft:custom_model_data","default":16777215}]},{"type":"minecraft:model","model":"bettermodel:modern_item/jenny_bralside2_58","tints":[{"type":"minecraft:custom_model_data","default":16777215}]},{"type":"minecraft:model","model":"bettermodel:modern_item/jenny_bralside2_59","tints":[{"type":"minecraft:custom_model_data","default":16777215}]},{"type":"minecraft:model","model":"bettermodel:modern_item/jenny_bralside2_60","tints":[{"type":"minecraft:custom_model_data","default":16777215}]},{"type":"minecraft:model","model":"bettermodel:modern_item/jenny_bralside2_61","tints":[{"type":"minecraft:custom_model_data","default":16777215}]},{"type":"minecraft:model","model":"bettermodel:modern_item/jenny_bralside2_62","tints":[{"type":"minecraft:custom_model_data","default":16777215}]},{"type":"minecraft:model","model":"bettermodel:modern_item/jenny_bralside2_63","tints":[{"type":"minecraft:custom_model_data","default":16777215}]},{"type":"minecraft:model","model":"bettermodel:modern_item/jenny_bralside2_64","tints":[{"type":"minecraft:custom_model_data","default":16777215}]},{"type":"minecraft:model","model":"bettermodel:modern_item/jenny_bralside2_65","tints":[{"type":"minecraft:custom_model_data","default":16777215}]},{"type":"minecraft:model","model":"bettermodel:modern_item/jenny_bralside2_66","tints":[{"type":"minecraft:custom_model_data","default":16777215}]},{"type":"minecraft:model","model":"bettermodel:modern_item/jenny_bralside2_67","tints":[{"type":"minecraft:custom_model_data","default":16777215}]},{"type":"minecraft:model","model":"bettermodel:modern_item/jenny_bralside2_68","tints":[{"type":"minecraft:custom_model_data","default":16777215}]},{"type":"minecraft:model","model":"bettermodel:modern_item/jenny_bralside2_69","tints":[{"type":"minecraft:custom_model_data","default":16777215}]},{"type":"minecraft:model","model":"bettermodel:modern_item/jenny_bralside2_70","tints":[{"type":"minecraft:custom_model_data","default":16777215}]}]}},{"threshold":44,"model":{"type":"minecraft:composite","models":[{"type":"minecraft:model","model":"bettermodel:modern_item/jenny_brarside2_1","tints":[{"type":"minecraft:custom_model_data","default":16777215}]},{"type":"minecraft:model","model":"bettermodel:modern_item/jenny_brarside2_2","tints":[{"type":"minecraft:custom_model_data","default":16777215}]},{"type":"minecraft:model","model":"bettermodel:modern_item/jenny_brarside2_3","tints":[{"type":"minecraft:custom_model_data","default":16777215}]},{"type":"minecraft:model","model":"bettermodel:modern_item/jenny_brarside2_4","tints":[{"type":"minecraft:custom_model_data","default":16777215}]},{"type":"minecraft:model","model":"bettermodel:modern_item/jenny_brarside2_5","tints":[{"type":"minecraft:custom_model_data","default":16777215}]},{"type":"minecraft:model","model":"bettermodel:modern_item/jenny_brarside2_6","tints":[{"type":"minecraft:custom_model_data","default":16777215}]},{"type":"minecraft:model","model":"bettermodel:modern_item/jenny_brarside2_7","tints":[{"type":"minecraft:custom_model_data","default":16777215}]},{"type":"minecraft:model","model":"bettermodel:modern_item/jenny_brarside2_8","tints":[{"type":"minecraft:custom_model_data","default":16777215}]},{"type":"minecraft:model","model":"bettermodel:modern_item/jenny_brarside2_9","tints":[{"type":"minecraft:custom_model_data","default":16777215}]},{"type":"minecraft:model","model":"bettermodel:modern_item/jenny_brarside2_10","tints":[{"type":"minecraft:custom_model_data","default":16777215}]},{"type":"minecraft:model","model":"bettermodel:modern_item/jenny_brarside2_11","tints":[{"type":"minecraft:custom_model_data","default":16777215}]},{"type":"minecraft:model","model":"bettermodel:modern_item/jenny_brarside2_12","tints":[{"type":"minecraft:custom_model_data","default":16777215}]},{"type":"minecraft:model","model":"bettermodel:modern_item/jenny_brarside2_13","tints":[{"type":"minecraft:custom_model_data","default":16777215}]},{"type":"minecraft:model","model":"bettermodel:modern_item/jenny_brarside2_14","tints":[{"type":"minecraft:custom_model_data","default":16777215}]},{"type":"minecraft:model","model":"bettermodel:modern_item/jenny_brarside2_15","tints":[{"type":"minecraft:custom_model_data","default":16777215}]},{"type":"minecraft:model","model":"bettermodel:modern_item/jenny_brarside2_16","tints":[{"type":"minecraft:custom_model_data","default":16777215}]},{"type":"minecraft:model","model":"bettermodel:modern_item/jenny_brarside2_17","tints":[{"type":"minecraft:custom_model_data","default":16777215}]},{"type":"minecraft:model","model":"bettermodel:modern_item/jenny_brarside2_18","tints":[{"type":"minecraft:custom_model_data","default":16777215}]},{"type":"minecraft:model","model":"bettermodel:modern_item/jenny_brarside2_19","tints":[{"type":"minecraft:custom_model_data","default":16777215}]},{"type":"minecraft:model","model":"bettermodel:modern_item/jenny_brarside2_20","tints":[{"type":"minecraft:custom_model_data","default":16777215}]},{"type":"minecraft:model","model":"bettermodel:modern_item/jenny_brarside2_21","tints":[{"type":"minecraft:custom_model_data","default":16777215}]},{"type":"minecraft:model","model":"bettermodel:modern_item/jenny_brarside2_22","tints":[{"type":"minecraft:custom_model_data","default":16777215}]},{"type":"minecraft:model","model":"bettermodel:modern_item/jenny_brarside2_23","tints":[{"type":"minecraft:custom_model_data","default":16777215}]},{"type":"minecraft:model","model":"bettermodel:modern_item/jenny_brarside2_24","tints":[{"type":"minecraft:custom_model_data","default":16777215}]},{"type":"minecraft:model","model":"bettermodel:modern_item/jenny_brarside2_25","tints":[{"type":"minecraft:custom_model_data","default":16777215}]},{"type":"minecraft:model","model":"bettermodel:modern_item/jenny_brarside2_26","tints":[{"type":"minecraft:custom_model_data","default":16777215}]},{"type":"minecraft:model","model":"bettermodel:modern_item/jenny_brarside2_27","tints":[{"type":"minecraft:custom_model_data","default":16777215}]},{"type":"minecraft:model","model":"bettermodel:modern_item/jenny_brarside2_28","tints":[{"type":"minecraft:custom_model_data","default":16777215}]},{"type":"minecraft:model","model":"bettermodel:modern_item/jenny_brarside2_29","tints":[{"type":"minecraft:custom_model_data","default":16777215}]},{"type":"minecraft:model","model":"bettermodel:modern_item/jenny_brarside2_30","tints":[{"type":"minecraft:custom_model_data","default":16777215}]},{"type":"minecraft:model","model":"bettermodel:modern_item/jenny_brarside2_31","tints":[{"type":"minecraft:custom_model_data","default":16777215}]},{"type":"minecraft:model","model":"bettermodel:modern_item/jenny_brarside2_32","tints":[{"type":"minecraft:custom_model_data","default":16777215}]},{"type":"minecraft:model","model":"bettermodel:modern_item/jenny_brarside2_33","tints":[{"type":"minecraft:custom_model_data","default":16777215}]},{"type":"minecraft:model","model":"bettermodel:modern_item/jenny_brarside2_34","tints":[{"type":"minecraft:custom_model_data","default":16777215}]},{"type":"minecraft:model","model":"bettermodel:modern_item/jenny_brarside2_35","tints":[{"type":"minecraft:custom_model_data","default":16777215}]},{"type":"minecraft:model","model":"bettermodel:modern_item/jenny_brarside2_36","tints":[{"type":"minecraft:custom_model_data","default":16777215}]},{"type":"minecraft:model","model":"bettermodel:modern_item/jenny_brarside2_37","tints":[{"type":"minecraft:custom_model_data","default":16777215}]},{"type":"minecraft:model","model":"bettermodel:modern_item/jenny_brarside2_38","tints":[{"type":"minecraft:custom_model_data","default":16777215}]},{"type":"minecraft:model","model":"bettermodel:modern_item/jenny_brarside2_39","tints":[{"type":"minecraft:custom_model_data","default":16777215}]},{"type":"minecraft:model","model":"bettermodel:modern_item/jenny_brarside2_40","tints":[{"type":"minecraft:custom_model_data","default":16777215}]},{"type":"minecraft:model","model":"bettermodel:modern_item/jenny_brarside2_41","tints":[{"type":"minecraft:custom_model_data","default":16777215}]},{"type":"minecraft:model","model":"bettermodel:modern_item/jenny_brarside2_42","tints":[{"type":"minecraft:custom_model_data","default":16777215}]},{"type":"minecraft:model","model":"bettermodel:modern_item/jenny_brarside2_43","tints":[{"type":"minecraft:custom_model_data","default":16777215}]},{"type":"minecraft:model","model":"bettermodel:modern_item/jenny_brarside2_44","tints":[{"type":"minecraft:custom_model_data","default":16777215}]},{"type":"minecraft:model","model":"bettermodel:modern_item/jenny_brarside2_45","tints":[{"type":"minecraft:custom_model_data","default":16777215}]},{"type":"minecraft:model","model":"bettermodel:modern_item/jenny_brarside2_46","tints":[{"type":"minecraft:custom_model_data","default":16777215}]},{"type":"minecraft:model","model":"bettermodel:modern_item/jenny_brarside2_47","tints":[{"type":"minecraft:custom_model_data","default":16777215}]},{"type":"minecraft:model","model":"bettermodel:modern_item/jenny_brarside2_48","tints":[{"type":"minecraft:custom_model_data","default":16777215}]},{"type":"minecraft:model","model":"bettermodel:modern_item/jenny_brarside2_49","tints":[{"type":"minecraft:custom_model_data","default":16777215}]},{"type":"minecraft:model","model":"bettermodel:modern_item/jenny_brarside2_50","tints":[{"type":"minecraft:custom_model_data","default":16777215}]},{"type":"minecraft:model","model":"bettermodel:modern_item/jenny_brarside2_51","tints":[{"type":"minecraft:custom_model_data","default":16777215}]},{"type":"minecraft:model","model":"bettermodel:modern_item/jenny_brarside2_52","tints":[{"type":"minecraft:custom_model_data","default":16777215}]},{"type":"minecraft:model","model":"bettermodel:modern_item/jenny_brarside2_53","tints":[{"type":"minecraft:custom_model_data","default":16777215}]},{"type":"minecraft:model","model":"bettermodel:modern_item/jenny_brarside2_54","tints":[{"type":"minecraft:custom_model_data","default":16777215}]},{"type":"minecraft:model","model":"bettermodel:modern_item/jenny_brarside2_55","tints":[{"type":"minecraft:custom_model_data","default":16777215}]},{"type":"minecraft:model","model":"bettermodel:modern_item/jenny_brarside2_56","tints":[{"type":"minecraft:custom_model_data","default":16777215}]},{"type":"minecraft:model","model":"bettermodel:modern_item/jenny_brarside2_57","tints":[{"type":"minecraft:custom_model_data","default":16777215}]},{"type":"minecraft:model","model":"bettermodel:modern_item/jenny_brarside2_58","tints":[{"type":"minecraft:custom_model_data","default":16777215}]},{"type":"minecraft:model","model":"bettermodel:modern_item/jenny_brarside2_59","tints":[{"type":"minecraft:custom_model_data","default":16777215}]},{"type":"minecraft:model","model":"bettermodel:modern_item/jenny_brarside2_60","tints":[{"type":"minecraft:custom_model_data","default":16777215}]},{"type":"minecraft:model","model":"bettermodel:modern_item/jenny_brarside2_61","tints":[{"type":"minecraft:custom_model_data","default":16777215}]},{"type":"minecraft:model","model":"bettermodel:modern_item/jenny_brarside2_62","tints":[{"type":"minecraft:custom_model_data","default":16777215}]},{"type":"minecraft:model","model":"bettermodel:modern_item/jenny_brarside2_63","tints":[{"type":"minecraft:custom_model_data","default":16777215}]},{"type":"minecraft:model","model":"bettermodel:modern_item/jenny_brarside2_64","tints":[{"type":"minecraft:custom_model_data","default":16777215}]},{"type":"minecraft:model","model":"bettermodel:modern_item/jenny_brarside2_65","tints":[{"type":"minecraft:custom_model_data","default":16777215}]},{"type":"minecraft:model","model":"bettermodel:modern_item/jenny_brarside2_66","tints":[{"type":"minecraft:custom_model_data","default":16777215}]},{"type":"minecraft:model","model":"bettermodel:modern_item/jenny_brarside2_67","tints":[{"type":"minecraft:custom_model_data","default":16777215}]},{"type":"minecraft:model","model":"bettermodel:modern_item/jenny_brarside2_68","tints":[{"type":"minecraft:custom_model_data","default":16777215}]},{"type":"minecraft:model","model":"bettermodel:modern_item/jenny_brarside2_69","tints":[{"type":"minecraft:custom_model_data","default":16777215}]},{"type":"minecraft:model","model":"bettermodel:modern_item/jenny_brarside2_70","tints":[{"type":"minecraft:custom_model_data","default":16777215}]}]}},{"threshold":45,"model":{"type":"minecraft:composite","models":[{"type":"minecraft:model","model":"bettermodel:modern_item/jenny_upperbodyr_1","tints":[{"type":"minecraft:custom_model_data","default":16777215}]},{"type":"minecraft:model","model":"bettermodel:modern_item/jenny_upperbodyr_2","tints":[{"type":"minecraft:custom_model_data","default":16777215}]}]}},{"threshold":46,"model":{"type":"minecraft:composite","models":[{"type":"minecraft:model","model":"bettermodel:modern_item/jenny_upperbodyl_1","tints":[{"type":"minecraft:custom_model_data","default":16777215}]},{"type":"minecraft:model","model":"bettermodel:modern_item/jenny_upperbodyl_2","tints":[{"type":"minecraft:custom_model_data","default":16777215}]}]}},{"threshold":47,"model":{"type":"minecraft:model","model":"bettermodel:modern_item/jenny_armr_1","tints":[{"type":"minecraft:custom_model_data","default":16777215}]}},{"threshold":48,"model":{"type":"minecraft:model","model":"bettermodel:modern_item/jenny_lowerarmr_1","tints":[{"type":"minecraft:custom_model_data","default":16777215}]}},{"threshold":49,"model":{"type":"minecraft:composite","models":[{"type":"minecraft:model","model":"bettermodel:modern_item/jenny_bsidel3_1","tints":[{"type":"minecraft:custom_model_data","default":16777215}]},{"type":"minecraft:model","model":"bettermodel:modern_item/jenny_bsidel3_2","tints":[{"type":"minecraft:custom_model_data","default":16777215}]},{"type":"minecraft:model","model":"bettermodel:modern_item/jenny_bsidel3_3","tints":[{"type":"minecraft:custom_model_data","default":16777215}]},{"type":"minecraft:model","model":"bettermodel:modern_item/jenny_bsidel3_4","tints":[{"type":"minecraft:custom_model_data","default":16777215}]},{"type":"minecraft:model","model":"bettermodel:modern_item/jenny_bsidel3_5","tints":[{"type":"minecraft:custom_model_data","default":16777215}]},{"type":"minecraft:model","model":"bettermodel:modern_item/jenny_bsidel3_6","tints":[{"type":"minecraft:custom_model_data","default":16777215}]},{"type":"minecraft:model","model":"bettermodel:modern_item/jenny_bsidel3_7","tints":[{"type":"minecraft:custom_model_data","default":16777215}]},{"type":"minecraft:model","model":"bettermodel:modern_item/jenny_bsidel3_8","tints":[{"type":"minecraft:custom_model_data","default":16777215}]}]}},{"threshold":50,"model":{"type":"minecraft:composite","models":[{"type":"minecraft:model","model":"bettermodel:modern_item/jenny_fsidel3_1","tints":[{"type":"minecraft:custom_model_data","default":16777215}]},{"type":"minecraft:model","model":"bettermodel:modern_item/jenny_fsidel3_2","tints":[{"type":"minecraft:custom_model_data","default":16777215}]},{"type":"minecraft:model","model":"bettermodel:modern_item/jenny_fsidel3_3","tints":[{"type":"minecraft:custom_model_data","default":16777215}]},{"type":"minecraft:model","model":"bettermodel:modern_item/jenny_fsidel3_4","tints":[{"type":"minecraft:custom_model_data","default":16777215}]},{"type":"minecraft:model","model":"bettermodel:modern_item/jenny_fsidel3_5","tints":[{"type":"minecraft:custom_model_data","default":16777215}]},{"type":"minecraft:model","model":"bettermodel:modern_item/jenny_fsidel3_6","tints":[{"type":"minecraft:custom_model_data","default":16777215}]},{"type":"minecraft:model","model":"bettermodel:modern_item/jenny_fsidel3_7","tints":[{"type":"minecraft:custom_model_data","default":16777215}]},{"type":"minecraft:model","model":"bettermodel:modern_item/jenny_fsidel3_8","tints":[{"type":"minecraft:custom_model_data","default":16777215}]}]}},{"threshold":51,"model":{"type":"minecraft:model","model":"bettermodel:modern_item/jenny_arml_1","tints":[{"type":"minecraft:custom_model_data","default":16777215}]}},{"threshold":52,"model":{"type":"minecraft:model","model":"bettermodel:modern_item/jenny_lowerarml_1","tints":[{"type":"minecraft:custom_model_data","default":16777215}]}},{"threshold":53,"model":{"type":"minecraft:composite","models":[{"type":"minecraft:model","model":"bettermodel:modern_item/jenny_bsidel2_1","tints":[{"type":"minecraft:custom_model_data","default":16777215}]},{"type":"minecraft:model","model":"bettermodel:modern_item/jenny_bsidel2_2","tints":[{"type":"minecraft:custom_model_data","default":16777215}]},{"type":"minecraft:model","model":"bettermodel:modern_item/jenny_bsidel2_3","tints":[{"type":"minecraft:custom_model_data","default":16777215}]},{"type":"minecraft:model","model":"bettermodel:modern_item/jenny_bsidel2_4","tints":[{"type":"minecraft:custom_model_data","default":16777215}]},{"type":"minecraft:model","model":"bettermodel:modern_item/jenny_bsidel2_5","tints":[{"type":"minecraft:custom_model_data","default":16777215}]},{"type":"minecraft:model","model":"bettermodel:modern_item/jenny_bsidel2_6","tints":[{"type":"minecraft:custom_model_data","default":16777215}]},{"type":"minecraft:model","model":"bettermodel:modern_item/jenny_bsidel2_7","tints":[{"type":"minecraft:custom_model_data","default":16777215}]},{"type":"minecraft:model","model":"bettermodel:modern_item/jenny_bsidel2_8","tints":[{"type":"minecraft:custom_model_data","default":16777215}]}]}},{"threshold":54,"model":{"type":"minecraft:composite","models":[{"type":"minecraft:model","model":"bettermodel:modern_item/jenny_fsidel2_1","tints":[{"type":"minecraft:custom_model_data","default":16777215}]},{"type":"minecraft:model","model":"bettermodel:modern_item/jenny_fsidel2_2","tints":[{"type":"minecraft:custom_model_data","default":16777215}]},{"type":"minecraft:model","model":"bettermodel:modern_item/jenny_fsidel2_3","tints":[{"type":"minecraft:custom_model_data","default":16777215}]},{"type":"minecraft:model","model":"bettermodel:modern_item/jenny_fsidel2_4","tints":[{"type":"minecraft:custom_model_data","default":16777215}]},{"type":"minecraft:model","model":"bettermodel:modern_item/jenny_fsidel2_5","tints":[{"type":"minecraft:custom_model_data","default":16777215}]},{"type":"minecraft:model","model":"bettermodel:modern_item/jenny_fsidel2_6","tints":[{"type":"minecraft:custom_model_data","default":16777215}]},{"type":"minecraft:model","model":"bettermodel:modern_item/jenny_fsidel2_7","tints":[{"type":"minecraft:custom_model_data","default":16777215}]},{"type":"minecraft:model","model":"bettermodel:modern_item/jenny_fsidel2_8","tints":[{"type":"minecraft:custom_model_data","default":16777215}]}]}},{"threshold":55,"model":{"type":"minecraft:model","model":"bettermodel:modern_item/jenny_hip_1","tints":[{"type":"minecraft:custom_model_data","default":16777215}]}},{"threshold":56,"model":{"type":"minecraft:composite","models":[{"type":"minecraft:model","model":"bettermodel:modern_item/jenny_sider_1","tints":[{"type":"minecraft:custom_model_data","default":16777215}]},{"type":"minecraft:model","model":"bettermodel:modern_item/jenny_sider_2","tints":[{"type":"minecraft:custom_model_data","default":16777215}]},{"type":"minecraft:model","model":"bettermodel:modern_item/jenny_sider_3","tints":[{"type":"minecraft:custom_model_data","default":16777215}]},{"type":"minecraft:model","model":"bettermodel:modern_item/jenny_sider_4","tints":[{"type":"minecraft:custom_model_data","default":16777215}]},{"type":"minecraft:model","model":"bettermodel:modern_item/jenny_sider_5","tints":[{"type":"minecraft:custom_model_data","default":16777215}]},{"type":"minecraft:model","model":"bettermodel:modern_item/jenny_sider_6","tints":[{"type":"minecraft:custom_model_data","default":16777215}]},{"type":"minecraft:model","model":"bettermodel:modern_item/jenny_sider_7","tints":[{"type":"minecraft:custom_model_data","default":16777215}]},{"type":"minecraft:model","model":"bettermodel:modern_item/jenny_sider_8","tints":[{"type":"minecraft:custom_model_data","default":16777215}]},{"type":"minecraft:model","model":"bettermodel:modern_item/jenny_sider_9","tints":[{"type":"minecraft:custom_model_data","default":16777215}]},{"type":"minecraft:model","model":"bettermodel:modern_item/jenny_sider_10","tints":[{"type":"minecraft:custom_model_data","default":16777215}]},{"type":"minecraft:model","model":"bettermodel:modern_item/jenny_sider_11","tints":[{"type":"minecraft:custom_model_data","default":16777215}]},{"type":"minecraft:model","model":"bettermodel:modern_item/jenny_sider_12","tints":[{"type":"minecraft:custom_model_data","default":16777215}]},{"type":"minecraft:model","model":"bettermodel:modern_item/jenny_sider_13","tints":[{"type":"minecraft:custom_model_data","default":16777215}]},{"type":"minecraft:model","model":"bettermodel:modern_item/jenny_sider_14","tints":[{"type":"minecraft:custom_model_data","default":16777215}]}]}},{"threshold":57,"model":{"type":"minecraft:composite","models":[{"type":"minecraft:model","model":"bettermodel:modern_item/jenny_sidel_1","tints":[{"type":"minecraft:custom_model_data","default":16777215}]},{"type":"minecraft:model","model":"bettermodel:modern_item/jenny_sidel_2","tints":[{"type":"minecraft:custom_model_data","default":16777215}]},{"type":"minecraft:model","model":"bettermodel:modern_item/jenny_sidel_3","tints":[{"type":"minecraft:custom_model_data","default":16777215}]},{"type":"minecraft:model","model":"bettermodel:modern_item/jenny_sidel_4","tints":[{"type":"minecraft:custom_model_data","default":16777215}]},{"type":"minecraft:model","model":"bettermodel:modern_item/jenny_sidel_5","tints":[{"type":"minecraft:custom_model_data","default":16777215}]},{"type":"minecraft:model","model":"bettermodel:modern_item/jenny_sidel_6","tints":[{"type":"minecraft:custom_model_data","default":16777215}]},{"type":"minecraft:model","model":"bettermodel:modern_item/jenny_sidel_7","tints":[{"type":"minecraft:custom_model_data","default":16777215}]},{"type":"minecraft:model","model":"bettermodel:modern_item/jenny_sidel_8","tints":[{"type":"minecraft:custom_model_data","default":16777215}]},{"type":"minecraft:model","model":"bettermodel:modern_item/jenny_sidel_9","tints":[{"type":"minecraft:custom_model_data","default":16777215}]},{"type":"minecraft:model","model":"bettermodel:modern_item/jenny_sidel_10","tints":[{"type":"minecraft:custom_model_data","default":16777215}]},{"type":"minecraft:model","model":"bettermodel:modern_item/jenny_sidel_11","tints":[{"type":"minecraft:custom_model_data","default":16777215}]},{"type":"minecraft:model","model":"bettermodel:modern_item/jenny_sidel_12","tints":[{"type":"minecraft:custom_model_data","default":16777215}]},{"type":"minecraft:model","model":"bettermodel:modern_item/jenny_sidel_13","tints":[{"type":"minecraft:custom_model_data","default":16777215}]},{"type":"minecraft:model","model":"bettermodel:modern_item/jenny_sidel_14","tints":[{"type":"minecraft:custom_model_data","default":16777215}]}]}},{"threshold":58,"model":{"type":"minecraft:composite","models":[{"type":"minecraft:model","model":"bettermodel:modern_item/jenny_bone176_1","tints":[{"type":"minecraft:custom_model_data","default":16777215}]},{"type":"minecraft:model","model":"bettermodel:modern_item/jenny_bone176_2","tints":[{"type":"minecraft:custom_model_data","default":16777215}]},{"type":"minecraft:model","model":"bettermodel:modern_item/jenny_bone176_3","tints":[{"type":"minecraft:custom_model_data","default":16777215}]}]}},{"threshold":59,"model":{"type":"minecraft:composite","models":[{"type":"minecraft:model","model":"bettermodel:modern_item/jenny_bone177_1","tints":[{"type":"minecraft:custom_model_data","default":16777215}]},{"type":"minecraft:model","model":"bettermodel:modern_item/jenny_bone177_2","tints":[{"type":"minecraft:custom_model_data","default":16777215}]},{"type":"minecraft:model","model":"bettermodel:modern_item/jenny_bone177_3","tints":[{"type":"minecraft:custom_model_data","default":16777215}]}]}},{"threshold":60,"model":{"type":"minecraft:model","model":"bettermodel:modern_item/jenny_bone664_1","tints":[{"type":"minecraft:custom_model_data","default":16777215}]}},{"threshold":61,"model":{"type":"minecraft:composite","models":[{"type":"minecraft:model","model":"bettermodel:modern_item/jenny_bone665_1","tints":[{"type":"minecraft:custom_model_data","default":16777215}]},{"type":"minecraft:model","model":"bettermodel:modern_item/jenny_bone665_2","tints":[{"type":"minecraft:custom_model_data","default":16777215}]},{"type":"minecraft:model","model":"bettermodel:modern_item/jenny_bone665_3","tints":[{"type":"minecraft:custom_model_data","default":16777215}]},{"type":"minecraft:model","model":"bettermodel:modern_item/jenny_bone665_4","tints":[{"type":"minecraft:custom_model_data","default":16777215}]},{"type":"minecraft:model","model":"bettermodel:modern_item/jenny_bone665_5","tints":[{"type":"minecraft:custom_model_data","default":16777215}]},{"type":"minecraft:model","model":"bettermodel:modern_item/jenny_bone665_6","tints":[{"type":"minecraft:custom_model_data","default":16777215}]},{"type":"minecraft:model","model":"bettermodel:modern_item/jenny_bone665_7","tints":[{"type":"minecraft:custom_model_data","default":16777215}]},{"type":"minecraft:model","model":"bettermodel:modern_item/jenny_bone665_8","tints":[{"type":"minecraft:custom_model_data","default":16777215}]}]}},{"threshold":62,"model":{"type":"minecraft:composite","models":[{"type":"minecraft:model","model":"bettermodel:modern_item/jenny_bone667_1","tints":[{"type":"minecraft:custom_model_data","default":16777215}]},{"type":"minecraft:model","model":"bettermodel:modern_item/jenny_bone667_2","tints":[{"type":"minecraft:custom_model_data","default":16777215}]},{"type":"minecraft:model","model":"bettermodel:modern_item/jenny_bone667_3","tints":[{"type":"minecraft:custom_model_data","default":16777215}]},{"type":"minecraft:model","model":"bettermodel:modern_item/jenny_bone667_4","tints":[{"type":"minecraft:custom_model_data","default":16777215}]},{"type":"minecraft:model","model":"bettermodel:modern_item/jenny_bone667_5","tints":[{"type":"minecraft:custom_model_data","default":16777215}]}]}},{"threshold":63,"model":{"type":"minecraft:composite","models":[{"type":"minecraft:model","model":"bettermodel:modern_item/jenny_bone666omgdevilnumber3_1","tints":[{"type":"minecraft:custom_model_data","default":16777215}]},{"type":"minecraft:model","model":"bettermodel:modern_item/jenny_bone666omgdevilnumber3_2","tints":[{"type":"minecraft:custom_model_data","default":16777215}]}]}},{"threshold":64,"model":{"type":"minecraft:composite","models":[{"type":"minecraft:model","model":"bettermodel:modern_item/jenny_bone668_1","tints":[{"type":"minecraft:custom_model_data","default":16777215}]},{"type":"minecraft:model","model":"bettermodel:modern_item/jenny_bone668_2","tints":[{"type":"minecraft:custom_model_data","default":16777215}]}]}},{"threshold":65,"model":{"type":"minecraft:model","model":"bettermodel:modern_item/jenny_bone669_1","tints":[{"type":"minecraft:custom_model_data","default":16777215}]}},{"threshold":66,"model":{"type":"minecraft:model","model":"bettermodel:modern_item/jenny_bone670_1","tints":[{"type":"minecraft:custom_model_data","default":16777215}]}},{"threshold":67,"model":{"type":"minecraft:composite","models":[{"type":"minecraft:model","model":"bettermodel:modern_item/jenny_bone671_1","tints":[{"type":"minecraft:custom_model_data","default":16777215}]},{"type":"minecraft:model","model":"bettermodel:modern_item/jenny_bone671_2","tints":[{"type":"minecraft:custom_model_data","default":16777215}]}]}},{"threshold":68,"model":{"type":"minecraft:composite","models":[{"type":"minecraft:model","model":"bettermodel:modern_item/jenny_bone683_1","tints":[{"type":"minecraft:custom_model_data","default":16777215}]},{"type":"minecraft:model","model":"bettermodel:modern_item/jenny_bone683_2","tints":[{"type":"minecraft:custom_model_data","default":16777215}]}]}},{"threshold":69,"model":{"type":"minecraft:composite","models":[{"type":"minecraft:model","model":"bettermodel:modern_item/jenny_bone60_1","tints":[{"type":"minecraft:custom_model_data","default":16777215}]},{"type":"minecraft:model","model":"bettermodel:modern_item/jenny_bone60_2","tints":[{"type":"minecraft:custom_model_data","default":16777215}]},{"type":"minecraft:model","model":"bettermodel:modern_item/jenny_bone60_3","tints":[{"type":"minecraft:custom_model_data","default":16777215}]}]}},{"threshold":70,"model":{"type":"minecraft:composite","models":[{"type":"minecraft:model","model":"bettermodel:modern_item/jenny_bone181_1","tints":[{"type":"minecraft:custom_model_data","default":16777215}]},{"type":"minecraft:model","model":"bettermodel:modern_item/jenny_bone181_2","tints":[{"type":"minecraft:custom_model_data","default":16777215}]},{"type":"minecraft:model","model":"bettermodel:modern_item/jenny_bone181_3","tints":[{"type":"minecraft:custom_model_data","default":16777215}]}]}},{"threshold":71,"model":{"type":"minecraft:model","model":"bettermodel:modern_item/jenny_bone182_1","tints":[{"type":"minecraft:custom_model_data","default":16777215}]}},{"threshold":72,"model":{"type":"minecraft:composite","models":[{"type":"minecraft:model","model":"bettermodel:modern_item/jenny_bone183_1","tints":[{"type":"minecraft:custom_model_data","default":16777215}]},{"type":"minecraft:model","model":"bettermodel:modern_item/jenny_bone183_2","tints":[{"type":"minecraft:custom_model_data","default":16777215}]},{"type":"minecraft:model","model":"bettermodel:modern_item/jenny_bone183_3","tints":[{"type":"minecraft:custom_model_data","default":16777215}]},{"type":"minecraft:model","model":"bettermodel:modern_item/jenny_bone183_4","tints":[{"type":"minecraft:custom_model_data","default":16777215}]},{"type":"minecraft:model","model":"bettermodel:modern_item/jenny_bone183_5","tints":[{"type":"minecraft:custom_model_data","default":16777215}]},{"type":"minecraft:model","model":"bettermodel:modern_item/jenny_bone183_6","tints":[{"type":"minecraft:custom_model_data","default":16777215}]},{"type":"minecraft:model","model":"bettermodel:modern_item/jenny_bone183_7","tints":[{"type":"minecraft:custom_model_data","default":16777215}]},{"type":"minecraft:model","model":"bettermodel:modern_item/jenny_bone183_8","tints":[{"type":"minecraft:custom_model_data","default":16777215}]},{"type":"minecraft:model","model":"bettermodel:modern_item/jenny_bone183_9","tints":[{"type":"minecraft:custom_model_data","default":16777215}]},{"type":"minecraft:model","model":"bettermodel:modern_item/jenny_bone183_10","tints":[{"type":"minecraft:custom_model_data","default":16777215}]},{"type":"minecraft:model","model":"bettermodel:modern_item/jenny_bone183_11","tints":[{"type":"minecraft:custom_model_data","default":16777215}]},{"type":"minecraft:model","model":"bettermodel:modern_item/jenny_bone183_12","tints":[{"type":"minecraft:custom_model_data","default":16777215}]}]}},{"threshold":73,"model":{"type":"minecraft:composite","models":[{"type":"minecraft:model","model":"bettermodel:modern_item/jenny_bone185_1","tints":[{"type":"minecraft:custom_model_data","default":16777215}]},{"type":"minecraft:model","model":"bettermodel:modern_item/jenny_bone185_2","tints":[{"type":"minecraft:custom_model_data","default":16777215}]},{"type":"minecraft:model","model":"bettermodel:modern_item/jenny_bone185_3","tints":[{"type":"minecraft:custom_model_data","default":16777215}]},{"type":"minecraft:model","model":"bettermodel:modern_item/jenny_bone185_4","tints":[{"type":"minecraft:custom_model_data","default":16777215}]},{"type":"minecraft:model","model":"bettermodel:modern_item/jenny_bone185_5","tints":[{"type":"minecraft:custom_model_data","default":16777215}]}]}},{"threshold":74,"model":{"type":"minecraft:composite","models":[{"type":"minecraft:model","model":"bettermodel:modern_item/jenny_bone666omgdevilnumber2_1","tints":[{"type":"minecraft:custom_model_data","default":16777215}]},{"type":"minecraft:model","model":"bettermodel:modern_item/jenny_bone666omgdevilnumber2_2","tints":[{"type":"minecraft:custom_model_data","default":16777215}]}]}},{"threshold":75,"model":{"type":"minecraft:composite","models":[{"type":"minecraft:model","model":"bettermodel:modern_item/jenny_bone186_1","tints":[{"type":"minecraft:custom_model_data","default":16777215}]},{"type":"minecraft:model","model":"bettermodel:modern_item/jenny_bone186_2","tints":[{"type":"minecraft:custom_model_data","default":16777215}]}]}},{"threshold":76,"model":{"type":"minecraft:model","model":"bettermodel:modern_item/jenny_bone187_1","tints":[{"type":"minecraft:custom_model_data","default":16777215}]}},{"threshold":77,"model":{"type":"minecraft:model","model":"bettermodel:modern_item/jenny_bone188_1","tints":[{"type":"minecraft:custom_model_data","default":16777215}]}},{"threshold":78,"model":{"type":"minecraft:composite","models":[{"type":"minecraft:model","model":"bettermodel:modern_item/jenny_bone189_1","tints":[{"type":"minecraft:custom_model_data","default":16777215}]},{"type":"minecraft:model","model":"bettermodel:modern_item/jenny_bone189_2","tints":[{"type":"minecraft:custom_model_data","default":16777215}]}]}},{"threshold":79,"model":{"type":"minecraft:composite","models":[{"type":"minecraft:model","model":"bettermodel:modern_item/jenny_bone190_1","tints":[{"type":"minecraft:custom_model_data","default":16777215}]},{"type":"minecraft:model","model":"bettermodel:modern_item/jenny_bone190_2","tints":[{"type":"minecraft:custom_model_data","default":16777215}]}]}},{"threshold":80,"model":{"type":"minecraft:composite","models":[{"type":"minecraft:model","model":"bettermodel:modern_item/jenny_midsectionl_1","tints":[{"type":"minecraft:custom_model_data","default":16777215}]},{"type":"minecraft:model","model":"bettermodel:modern_item/jenny_midsectionl_2","tints":[{"type":"minecraft:custom_model_data","default":16777215}]},{"type":"minecraft:model","model":"bettermodel:modern_item/jenny_midsectionl_3","tints":[{"type":"minecraft:custom_model_data","default":16777215}]},{"type":"minecraft:model","model":"bettermodel:modern_item/jenny_midsectionl_4","tints":[{"type":"minecraft:custom_model_data","default":16777215}]},{"type":"minecraft:model","model":"bettermodel:modern_item/jenny_midsectionl_5","tints":[{"type":"minecraft:custom_model_data","default":16777215}]},{"type":"minecraft:model","model":"bettermodel:modern_item/jenny_midsectionl_6","tints":[{"type":"minecraft:custom_model_data","default":16777215}]},{"type":"minecraft:model","model":"bettermodel:modern_item/jenny_midsectionl_7","tints":[{"type":"minecraft:custom_model_data","default":16777215}]},{"type":"minecraft:model","model":"bettermodel:modern_item/jenny_midsectionl_8","tints":[{"type":"minecraft:custom_model_data","default":16777215}]},{"type":"minecraft:model","model":"bettermodel:modern_item/jenny_midsectionl_9","tints":[{"type":"minecraft:custom_model_data","default":16777215}]},{"type":"minecraft:model","model":"bettermodel:modern_item/jenny_midsectionl_10","tints":[{"type":"minecraft:custom_model_data","default":16777215}]},{"type":"minecraft:model","model":"bettermodel:modern_item/jenny_midsectionl_11","tints":[{"type":"minecraft:custom_model_data","default":16777215}]},{"type":"minecraft:model","model":"bettermodel:modern_item/jenny_midsectionl_12","tints":[{"type":"minecraft:custom_model_data","default":16777215}]}]}},{"threshold":81,"model":{"type":"minecraft:composite","models":[{"type":"minecraft:model","model":"bettermodel:modern_item/jenny_innercheekl2_1","tints":[{"type":"minecraft:custom_model_data","default":16777215}]},{"type":"minecraft:model","model":"bettermodel:modern_item/jenny_innercheekl2_2","tints":[{"type":"minecraft:custom_model_data","default":16777215}]},{"type":"minecraft:model","model":"bettermodel:modern_item/jenny_innercheekl2_3","tints":[{"type":"minecraft:custom_model_data","default":16777215}]},{"type":"minecraft:model","model":"bettermodel:modern_item/jenny_innercheekl2_4","tints":[{"type":"minecraft:custom_model_data","default":16777215}]},{"type":"minecraft:model","model":"bettermodel:modern_item/jenny_innercheekl2_5","tints":[{"type":"minecraft:custom_model_data","default":16777215}]},{"type":"minecraft:model","model":"bettermodel:modern_item/jenny_innercheekl2_6","tints":[{"type":"minecraft:custom_model_data","default":16777215}]},{"type":"minecraft:model","model":"bettermodel:modern_item/jenny_innercheekl2_7","tints":[{"type":"minecraft:custom_model_data","default":16777215}]},{"type":"minecraft:model","model":"bettermodel:modern_item/jenny_innercheekl2_8","tints":[{"type":"minecraft:custom_model_data","default":16777215}]},{"type":"minecraft:model","model":"bettermodel:modern_item/jenny_innercheekl2_9","tints":[{"type":"minecraft:custom_model_data","default":16777215}]},{"type":"minecraft:model","model":"bettermodel:modern_item/jenny_innercheekl2_10","tints":[{"type":"minecraft:custom_model_data","default":16777215}]},{"type":"minecraft:model","model":"bettermodel:modern_item/jenny_innercheekl2_11","tints":[{"type":"minecraft:custom_model_data","default":16777215}]},{"type":"minecraft:model","model":"bettermodel:modern_item/jenny_innercheekl2_12","tints":[{"type":"minecraft:custom_model_data","default":16777215}]},{"type":"minecraft:model","model":"bettermodel:modern_item/jenny_innercheekl2_13","tints":[{"type":"minecraft:custom_model_data","default":16777215}]},{"type":"minecraft:model","model":"bettermodel:modern_item/jenny_innercheekl2_14","tints":[{"type":"minecraft:custom_model_data","default":16777215}]},{"type":"minecraft:model","model":"bettermodel:modern_item/jenny_innercheekl2_15","tints":[{"type":"minecraft:custom_model_data","default":16777215}]},{"type":"minecraft:model","model":"bettermodel:modern_item/jenny_innercheekl2_16","tints":[{"type":"minecraft:custom_model_data","default":16777215}]},{"type":"minecraft:model","model":"bettermodel:modern_item/jenny_innercheekl2_17","tints":[{"type":"minecraft:custom_model_data","default":16777215}]},{"type":"minecraft:model","model":"bettermodel:modern_item/jenny_innercheekl2_18","tints":[{"type":"minecraft:custom_model_data","default":16777215}]},{"type":"minecraft:model","model":"bettermodel:modern_item/jenny_innercheekl2_19","tints":[{"type":"minecraft:custom_model_data","default":16777215}]},{"type":"minecraft:model","model":"bettermodel:modern_item/jenny_innercheekl2_20","tints":[{"type":"minecraft:custom_model_data","default":16777215}]},{"type":"minecraft:model","model":"bettermodel:modern_item/jenny_innercheekl2_21","tints":[{"type":"minecraft:custom_model_data","default":16777215}]},{"type":"minecraft:model","model":"bettermodel:modern_item/jenny_innercheekl2_22","tints":[{"type":"minecraft:custom_model_data","default":16777215}]},{"type":"minecraft:model","model":"bettermodel:modern_item/jenny_innercheekl2_23","tints":[{"type":"minecraft:custom_model_data","default":16777215}]},{"type":"minecraft:model","model":"bettermodel:modern_item/jenny_innercheekl2_24","tints":[{"type":"minecraft:custom_model_data","default":16777215}]},{"type":"minecraft:model","model":"bettermodel:modern_item/jenny_innercheekl2_25","tints":[{"type":"minecraft:custom_model_data","default":16777215}]},{"type":"minecraft:model","model":"bettermodel:modern_item/jenny_innercheekl2_26","tints":[{"type":"minecraft:custom_model_data","default":16777215}]},{"type":"minecraft:model","model":"bettermodel:modern_item/jenny_innercheekl2_27","tints":[{"type":"minecraft:custom_model_data","default":16777215}]},{"type":"minecraft:model","model":"bettermodel:modern_item/jenny_innercheekl2_28","tints":[{"type":"minecraft:custom_model_data","default":16777215}]},{"type":"minecraft:model","model":"bettermodel:modern_item/jenny_innercheekl2_29","tints":[{"type":"minecraft:custom_model_data","default":16777215}]},{"type":"minecraft:model","model":"bettermodel:modern_item/jenny_innercheekl2_30","tints":[{"type":"minecraft:custom_model_data","default":16777215}]},{"type":"minecraft:model","model":"bettermodel:modern_item/jenny_innercheekl2_31","tints":[{"type":"minecraft:custom_model_data","default":16777215}]},{"type":"minecraft:model","model":"bettermodel:modern_item/jenny_innercheekl2_32","tints":[{"type":"minecraft:custom_model_data","default":16777215}]},{"type":"minecraft:model","model":"bettermodel:modern_item/jenny_innercheekl2_33","tints":[{"type":"minecraft:custom_model_data","default":16777215}]},{"type":"minecraft:model","model":"bettermodel:modern_item/jenny_innercheekl2_34","tints":[{"type":"minecraft:custom_model_data","default":16777215}]},{"type":"minecraft:model","model":"bettermodel:modern_item/jenny_innercheekl2_35","tints":[{"type":"minecraft:custom_model_data","default":16777215}]},{"type":"minecraft:model","model":"bettermodel:modern_item/jenny_innercheekl2_36","tints":[{"type":"minecraft:custom_model_data","default":16777215}]},{"type":"minecraft:model","model":"bettermodel:modern_item/jenny_innercheekl2_37","tints":[{"type":"minecraft:custom_model_data","default":16777215}]},{"type":"minecraft:model","model":"bettermodel:modern_item/jenny_innercheekl2_38","tints":[{"type":"minecraft:custom_model_data","default":16777215}]},{"type":"minecraft:model","model":"bettermodel:modern_item/jenny_innercheekl2_39","tints":[{"type":"minecraft:custom_model_data","default":16777215}]},{"type":"minecraft:model","model":"bettermodel:modern_item/jenny_innercheekl2_40","tints":[{"type":"minecraft:custom_model_data","default":16777215}]}]}},{"threshold":82,"model":{"type":"minecraft:composite","models":[{"type":"minecraft:model","model":"bettermodel:modern_item/jenny_innercheekl_1","tints":[{"type":"minecraft:custom_model_data","default":16777215}]},{"type":"minecraft:model","model":"bettermodel:modern_item/jenny_innercheekl_2","tints":[{"type":"minecraft:custom_model_data","default":16777215}]},{"type":"minecraft:model","model":"bettermodel:modern_item/jenny_innercheekl_3","tints":[{"type":"minecraft:custom_model_data","default":16777215}]},{"type":"minecraft:model","model":"bettermodel:modern_item/jenny_innercheekl_4","tints":[{"type":"minecraft:custom_model_data","default":16777215}]},{"type":"minecraft:model","model":"bettermodel:modern_item/jenny_innercheekl_5","tints":[{"type":"minecraft:custom_model_data","default":16777215}]},{"type":"minecraft:model","model":"bettermodel:modern_item/jenny_innercheekl_6","tints":[{"type":"minecraft:custom_model_data","default":16777215}]},{"type":"minecraft:model","model":"bettermodel:modern_item/jenny_innercheekl_7","tints":[{"type":"minecraft:custom_model_data","default":16777215}]},{"type":"minecraft:model","model":"bettermodel:modern_item/jenny_innercheekl_8","tints":[{"type":"minecraft:custom_model_data","default":16777215}]},{"type":"minecraft:model","model":"bettermodel:modern_item/jenny_innercheekl_9","tints":[{"type":"minecraft:custom_model_data","default":16777215}]},{"type":"minecraft:model","model":"bettermodel:modern_item/jenny_innercheekl_10","tints":[{"type":"minecraft:custom_model_data","default":16777215}]},{"type":"minecraft:model","model":"bettermodel:modern_item/jenny_innercheekl_11","tints":[{"type":"minecraft:custom_model_data","default":16777215}]},{"type":"minecraft:model","model":"bettermodel:modern_item/jenny_innercheekl_12","tints":[{"type":"minecraft:custom_model_data","default":16777215}]},{"type":"minecraft:model","model":"bettermodel:modern_item/jenny_innercheekl_13","tints":[{"type":"minecraft:custom_model_data","default":16777215}]},{"type":"minecraft:model","model":"bettermodel:modern_item/jenny_innercheekl_14","tints":[{"type":"minecraft:custom_model_data","default":16777215}]},{"type":"minecraft:model","model":"bettermodel:modern_item/jenny_innercheekl_15","tints":[{"type":"minecraft:custom_model_data","default":16777215}]},{"type":"minecraft:model","model":"bettermodel:modern_item/jenny_innercheekl_16","tints":[{"type":"minecraft:custom_model_data","default":16777215}]},{"type":"minecraft:model","model":"bettermodel:modern_item/jenny_innercheekl_17","tints":[{"type":"minecraft:custom_model_data","default":16777215}]},{"type":"minecraft:model","model":"bettermodel:modern_item/jenny_innercheekl_18","tints":[{"type":"minecraft:custom_model_data","default":16777215}]},{"type":"minecraft:model","model":"bettermodel:modern_item/jenny_innercheekl_19","tints":[{"type":"minecraft:custom_model_data","default":16777215}]},{"type":"minecraft:model","model":"bettermodel:modern_item/jenny_innercheekl_20","tints":[{"type":"minecraft:custom_model_data","default":16777215}]},{"type":"minecraft:model","model":"bettermodel:modern_item/jenny_innercheekl_21","tints":[{"type":"minecraft:custom_model_data","default":16777215}]},{"type":"minecraft:model","model":"bettermodel:modern_item/jenny_innercheekl_22","tints":[{"type":"minecraft:custom_model_data","default":16777215}]},{"type":"minecraft:model","model":"bettermodel:modern_item/jenny_innercheekl_23","tints":[{"type":"minecraft:custom_model_data","default":16777215}]},{"type":"minecraft:model","model":"bettermodel:modern_item/jenny_innercheekl_24","tints":[{"type":"minecraft:custom_model_data","default":16777215}]},{"type":"minecraft:model","model":"bettermodel:modern_item/jenny_innercheekl_25","tints":[{"type":"minecraft:custom_model_data","default":16777215}]},{"type":"minecraft:model","model":"bettermodel:modern_item/jenny_innercheekl_26","tints":[{"type":"minecraft:custom_model_data","default":16777215}]},{"type":"minecraft:model","model":"bettermodel:modern_item/jenny_innercheekl_27","tints":[{"type":"minecraft:custom_model_data","default":16777215}]},{"type":"minecraft:model","model":"bettermodel:modern_item/jenny_innercheekl_28","tints":[{"type":"minecraft:custom_model_data","default":16777215}]},{"type":"minecraft:model","model":"bettermodel:modern_item/jenny_innercheekl_29","tints":[{"type":"minecraft:custom_model_data","default":16777215}]},{"type":"minecraft:model","model":"bettermodel:modern_item/jenny_innercheekl_30","tints":[{"type":"minecraft:custom_model_data","default":16777215}]},{"type":"minecraft:model","model":"bettermodel:modern_item/jenny_innercheekl_31","tints":[{"type":"minecraft:custom_model_data","default":16777215}]},{"type":"minecraft:model","model":"bettermodel:modern_item/jenny_innercheekl_32","tints":[{"type":"minecraft:custom_model_data","default":16777215}]},{"type":"minecraft:model","model":"bettermodel:modern_item/jenny_innercheekl_33","tints":[{"type":"minecraft:custom_model_data","default":16777215}]},{"type":"minecraft:model","model":"bettermodel:modern_item/jenny_innercheekl_34","tints":[{"type":"minecraft:custom_model_data","default":16777215}]},{"type":"minecraft:model","model":"bettermodel:modern_item/jenny_innercheekl_35","tints":[{"type":"minecraft:custom_model_data","default":16777215}]},{"type":"minecraft:model","model":"bettermodel:modern_item/jenny_innercheekl_36","tints":[{"type":"minecraft:custom_model_data","default":16777215}]},{"type":"minecraft:model","model":"bettermodel:modern_item/jenny_innercheekl_37","tints":[{"type":"minecraft:custom_model_data","default":16777215}]},{"type":"minecraft:model","model":"bettermodel:modern_item/jenny_innercheekl_38","tints":[{"type":"minecraft:custom_model_data","default":16777215}]}]}},{"threshold":83,"model":{"type":"minecraft:composite","models":[{"type":"minecraft:model","model":"bettermodel:modern_item/jenny_midsection4_1","tints":[{"type":"minecraft:custom_model_data","default":16777215}]},{"type":"minecraft:model","model":"bettermodel:modern_item/jenny_midsection4_2","tints":[{"type":"minecraft:custom_model_data","default":16777215}]},{"type":"minecraft:model","model":"bettermodel:modern_item/jenny_midsection4_3","tints":[{"type":"minecraft:custom_model_data","default":16777215}]},{"type":"minecraft:model","model":"bettermodel:modern_item/jenny_midsection4_4","tints":[{"type":"minecraft:custom_model_data","default":16777215}]},{"type":"minecraft:model","model":"bettermodel:modern_item/jenny_midsection4_5","tints":[{"type":"minecraft:custom_model_data","default":16777215}]},{"type":"minecraft:model","model":"bettermodel:modern_item/jenny_midsection4_6","tints":[{"type":"minecraft:custom_model_data","default":16777215}]},{"type":"minecraft:model","model":"bettermodel:modern_item/jenny_midsection4_7","tints":[{"type":"minecraft:custom_model_data","default":16777215}]},{"type":"minecraft:model","model":"bettermodel:modern_item/jenny_midsection4_8","tints":[{"type":"minecraft:custom_model_data","default":16777215}]},{"type":"minecraft:model","model":"bettermodel:modern_item/jenny_midsection4_9","tints":[{"type":"minecraft:custom_model_data","default":16777215}]},{"type":"minecraft:model","model":"bettermodel:modern_item/jenny_midsection4_10","tints":[{"type":"minecraft:custom_model_data","default":16777215}]},{"type":"minecraft:model","model":"bettermodel:modern_item/jenny_midsection4_11","tints":[{"type":"minecraft:custom_model_data","default":16777215}]},{"type":"minecraft:model","model":"bettermodel:modern_item/jenny_midsection4_12","tints":[{"type":"minecraft:custom_model_data","default":16777215}]}]}},{"threshold":84,"model":{"type":"minecraft:composite","models":[{"type":"minecraft:model","model":"bettermodel:modern_item/jenny_innercheekr7_1","tints":[{"type":"minecraft:custom_model_data","default":16777215}]},{"type":"minecraft:model","model":"bettermodel:modern_item/jenny_innercheekr7_2","tints":[{"type":"minecraft:custom_model_data","default":16777215}]},{"type":"minecraft:model","model":"bettermodel:modern_item/jenny_innercheekr7_3","tints":[{"type":"minecraft:custom_model_data","default":16777215}]},{"type":"minecraft:model","model":"bettermodel:modern_item/jenny_innercheekr7_4","tints":[{"type":"minecraft:custom_model_data","default":16777215}]},{"type":"minecraft:model","model":"bettermodel:modern_item/jenny_innercheekr7_5","tints":[{"type":"minecraft:custom_model_data","default":16777215}]},{"type":"minecraft:model","model":"bettermodel:modern_item/jenny_innercheekr7_6","tints":[{"type":"minecraft:custom_model_data","default":16777215}]},{"type":"minecraft:model","model":"bettermodel:modern_item/jenny_innercheekr7_7","tints":[{"type":"minecraft:custom_model_data","default":16777215}]},{"type":"minecraft:model","model":"bettermodel:modern_item/jenny_innercheekr7_8","tints":[{"type":"minecraft:custom_model_data","default":16777215}]},{"type":"minecraft:model","model":"bettermodel:modern_item/jenny_innercheekr7_9","tints":[{"type":"minecraft:custom_model_data","default":16777215}]},{"type":"minecraft:model","model":"bettermodel:modern_item/jenny_innercheekr7_10","tints":[{"type":"minecraft:custom_model_data","default":16777215}]},{"type":"minecraft:model","model":"bettermodel:modern_item/jenny_innercheekr7_11","tints":[{"type":"minecraft:custom_model_data","default":16777215}]},{"type":"minecraft:model","model":"bettermodel:modern_item/jenny_innercheekr7_12","tints":[{"type":"minecraft:custom_model_data","default":16777215}]},{"type":"minecraft:model","model":"bettermodel:modern_item/jenny_innercheekr7_13","tints":[{"type":"minecraft:custom_model_data","default":16777215}]},{"type":"minecraft:model","model":"bettermodel:modern_item/jenny_innercheekr7_14","tints":[{"type":"minecraft:custom_model_data","default":16777215}]},{"type":"minecraft:model","model":"bettermodel:modern_item/jenny_innercheekr7_15","tints":[{"type":"minecraft:custom_model_data","default":16777215}]},{"type":"minecraft:model","model":"bettermodel:modern_item/jenny_innercheekr7_16","tints":[{"type":"minecraft:custom_model_data","default":16777215}]},{"type":"minecraft:model","model":"bettermodel:modern_item/jenny_innercheekr7_17","tints":[{"type":"minecraft:custom_model_data","default":16777215}]},{"type":"minecraft:model","model":"bettermodel:modern_item/jenny_innercheekr7_18","tints":[{"type":"minecraft:custom_model_data","default":16777215}]},{"type":"minecraft:model","model":"bettermodel:modern_item/jenny_innercheekr7_19","tints":[{"type":"minecraft:custom_model_data","default":16777215}]},{"type":"minecraft:model","model":"bettermodel:modern_item/jenny_innercheekr7_20","tints":[{"type":"minecraft:custom_model_data","default":16777215}]},{"type":"minecraft:model","model":"bettermodel:modern_item/jenny_innercheekr7_21","tints":[{"type":"minecraft:custom_model_data","default":16777215}]},{"type":"minecraft:model","model":"bettermodel:modern_item/jenny_innercheekr7_22","tints":[{"type":"minecraft:custom_model_data","default":16777215}]},{"type":"minecraft:model","model":"bettermodel:modern_item/jenny_innercheekr7_23","tints":[{"type":"minecraft:custom_model_data","default":16777215}]},{"type":"minecraft:model","model":"bettermodel:modern_item/jenny_innercheekr7_24","tints":[{"type":"minecraft:custom_model_data","default":16777215}]},{"type":"minecraft:model","model":"bettermodel:modern_item/jenny_innercheekr7_25","tints":[{"type":"minecraft:custom_model_data","default":16777215}]},{"type":"minecraft:model","model":"bettermodel:modern_item/jenny_innercheekr7_26","tints":[{"type":"minecraft:custom_model_data","default":16777215}]},{"type":"minecraft:model","model":"bettermodel:modern_item/jenny_innercheekr7_27","tints":[{"type":"minecraft:custom_model_data","default":16777215}]},{"type":"minecraft:model","model":"bettermodel:modern_item/jenny_innercheekr7_28","tints":[{"type":"minecraft:custom_model_data","default":16777215}]},{"type":"minecraft:model","model":"bettermodel:modern_item/jenny_innercheekr7_29","tints":[{"type":"minecraft:custom_model_data","default":16777215}]},{"type":"minecraft:model","model":"bettermodel:modern_item/jenny_innercheekr7_30","tints":[{"type":"minecraft:custom_model_data","default":16777215}]},{"type":"minecraft:model","model":"bettermodel:modern_item/jenny_innercheekr7_31","tints":[{"type":"minecraft:custom_model_data","default":16777215}]},{"type":"minecraft:model","model":"bettermodel:modern_item/jenny_innercheekr7_32","tints":[{"type":"minecraft:custom_model_data","default":16777215}]},{"type":"minecraft:model","model":"bettermodel:modern_item/jenny_innercheekr7_33","tints":[{"type":"minecraft:custom_model_data","default":16777215}]},{"type":"minecraft:model","model":"bettermodel:modern_item/jenny_innercheekr7_34","tints":[{"type":"minecraft:custom_model_data","default":16777215}]},{"type":"minecraft:model","model":"bettermodel:modern_item/jenny_innercheekr7_35","tints":[{"type":"minecraft:custom_model_data","default":16777215}]},{"type":"minecraft:model","model":"bettermodel:modern_item/jenny_innercheekr7_36","tints":[{"type":"minecraft:custom_model_data","default":16777215}]},{"type":"minecraft:model","model":"bettermodel:modern_item/jenny_innercheekr7_37","tints":[{"type":"minecraft:custom_model_data","default":16777215}]},{"type":"minecraft:model","model":"bettermodel:modern_item/jenny_innercheekr7_38","tints":[{"type":"minecraft:custom_model_data","default":16777215}]},{"type":"minecraft:model","model":"bettermodel:modern_item/jenny_innercheekr7_39","tints":[{"type":"minecraft:custom_model_data","default":16777215}]},{"type":"minecraft:model","model":"bettermodel:modern_item/jenny_innercheekr7_40","tints":[{"type":"minecraft:custom_model_data","default":16777215}]}]}},{"threshold":85,"model":{"type":"minecraft:composite","models":[{"type":"minecraft:model","model":"bettermodel:modern_item/jenny_innercheekr6_1","tints":[{"type":"minecraft:custom_model_data","default":16777215}]},{"type":"minecraft:model","model":"bettermodel:modern_item/jenny_innercheekr6_2","tints":[{"type":"minecraft:custom_model_data","default":16777215}]},{"type":"minecraft:model","model":"bettermodel:modern_item/jenny_innercheekr6_3","tints":[{"type":"minecraft:custom_model_data","default":16777215}]},{"type":"minecraft:model","model":"bettermodel:modern_item/jenny_innercheekr6_4","tints":[{"type":"minecraft:custom_model_data","default":16777215}]},{"type":"minecraft:model","model":"bettermodel:modern_item/jenny_innercheekr6_5","tints":[{"type":"minecraft:custom_model_data","default":16777215}]},{"type":"minecraft:model","model":"bettermodel:modern_item/jenny_innercheekr6_6","tints":[{"type":"minecraft:custom_model_data","default":16777215}]},{"type":"minecraft:model","model":"bettermodel:modern_item/jenny_innercheekr6_7","tints":[{"type":"minecraft:custom_model_data","default":16777215}]},{"type":"minecraft:model","model":"bettermodel:modern_item/jenny_innercheekr6_8","tints":[{"type":"minecraft:custom_model_data","default":16777215}]},{"type":"minecraft:model","model":"bettermodel:modern_item/jenny_innercheekr6_9","tints":[{"type":"minecraft:custom_model_data","default":16777215}]},{"type":"minecraft:model","model":"bettermodel:modern_item/jenny_innercheekr6_10","tints":[{"type":"minecraft:custom_model_data","default":16777215}]},{"type":"minecraft:model","model":"bettermodel:modern_item/jenny_innercheekr6_11","tints":[{"type":"minecraft:custom_model_data","default":16777215}]},{"type":"minecraft:model","model":"bettermodel:modern_item/jenny_innercheekr6_12","tints":[{"type":"minecraft:custom_model_data","default":16777215}]},{"type":"minecraft:model","model":"bettermodel:modern_item/jenny_innercheekr6_13","tints":[{"type":"minecraft:custom_model_data","default":16777215}]},{"type":"minecraft:model","model":"bettermodel:modern_item/jenny_innercheekr6_14","tints":[{"type":"minecraft:custom_model_data","default":16777215}]},{"type":"minecraft:model","model":"bettermodel:modern_item/jenny_innercheekr6_15","tints":[{"type":"minecraft:custom_model_data","default":16777215}]},{"type":"minecraft:model","model":"bettermodel:modern_item/jenny_innercheekr6_16","tints":[{"type":"minecraft:custom_model_data","default":16777215}]},{"type":"minecraft:model","model":"bettermodel:modern_item/jenny_innercheekr6_17","tints":[{"type":"minecraft:custom_model_data","default":16777215}]},{"type":"minecraft:model","model":"bettermodel:modern_item/jenny_innercheekr6_18","tints":[{"type":"minecraft:custom_model_data","default":16777215}]},{"type":"minecraft:model","model":"bettermodel:modern_item/jenny_innercheekr6_19","tints":[{"type":"minecraft:custom_model_data","default":16777215}]},{"type":"minecraft:model","model":"bettermodel:modern_item/jenny_innercheekr6_20","tints":[{"type":"minecraft:custom_model_data","default":16777215}]},{"type":"minecraft:model","model":"bettermodel:modern_item/jenny_innercheekr6_21","tints":[{"type":"minecraft:custom_model_data","default":16777215}]},{"type":"minecraft:model","model":"bettermodel:modern_item/jenny_innercheekr6_22","tints":[{"type":"minecraft:custom_model_data","default":16777215}]},{"type":"minecraft:model","model":"bettermodel:modern_item/jenny_innercheekr6_23","tints":[{"type":"minecraft:custom_model_data","default":16777215}]},{"type":"minecraft:model","model":"bettermodel:modern_item/jenny_innercheekr6_24","tints":[{"type":"minecraft:custom_model_data","default":16777215}]},{"type":"minecraft:model","model":"bettermodel:modern_item/jenny_innercheekr6_25","tints":[{"type":"minecraft:custom_model_data","default":16777215}]},{"type":"minecraft:model","model":"bettermodel:modern_item/jenny_innercheekr6_26","tints":[{"type":"minecraft:custom_model_data","default":16777215}]},{"type":"minecraft:model","model":"bettermodel:modern_item/jenny_innercheekr6_27","tints":[{"type":"minecraft:custom_model_data","default":16777215}]},{"type":"minecraft:model","model":"bettermodel:modern_item/jenny_innercheekr6_28","tints":[{"type":"minecraft:custom_model_data","default":16777215}]},{"type":"minecraft:model","model":"bettermodel:modern_item/jenny_innercheekr6_29","tints":[{"type":"minecraft:custom_model_data","default":16777215}]},{"type":"minecraft:model","model":"bettermodel:modern_item/jenny_innercheekr6_30","tints":[{"type":"minecraft:custom_model_data","default":16777215}]},{"type":"minecraft:model","model":"bettermodel:modern_item/jenny_innercheekr6_31","tints":[{"type":"minecraft:custom_model_data","default":16777215}]},{"type":"minecraft:model","model":"bettermodel:modern_item/jenny_innercheekr6_32","tints":[{"type":"minecraft:custom_model_data","default":16777215}]},{"type":"minecraft:model","model":"bettermodel:modern_item/jenny_innercheekr6_33","tints":[{"type":"minecraft:custom_model_data","default":16777215}]},{"type":"minecraft:model","model":"bettermodel:modern_item/jenny_innercheekr6_34","tints":[{"type":"minecraft:custom_model_data","default":16777215}]},{"type":"minecraft:model","model":"bettermodel:modern_item/jenny_innercheekr6_35","tints":[{"type":"minecraft:custom_model_data","default":16777215}]},{"type":"minecraft:model","model":"bettermodel:modern_item/jenny_innercheekr6_36","tints":[{"type":"minecraft:custom_model_data","default":16777215}]},{"type":"minecraft:model","model":"bettermodel:modern_item/jenny_innercheekr6_37","tints":[{"type":"minecraft:custom_model_data","default":16777215}]},{"type":"minecraft:model","model":"bettermodel:modern_item/jenny_innercheekr6_38","tints":[{"type":"minecraft:custom_model_data","default":16777215}]}]}},{"threshold":86,"model":{"type":"minecraft:model","model":"bettermodel:modern_item/jenny_legl_1","tints":[{"type":"minecraft:custom_model_data","default":16777215}]}},{"threshold":87,"model":{"type":"minecraft:model","model":"bettermodel:modern_item/jenny_shinl_1","tints":[{"type":"minecraft:custom_model_data","default":16777215}]}},{"threshold":88,"model":{"type":"minecraft:composite","models":[{"type":"minecraft:model","model":"bettermodel:modern_item/jenny_curvesl_1","tints":[{"type":"minecraft:custom_model_data","default":16777215}]},{"type":"minecraft:model","model":"bettermodel:modern_item/jenny_curvesl_2","tints":[{"type":"minecraft:custom_model_data","default":16777215}]},{"type":"minecraft:model","model":"bettermodel:modern_item/jenny_curvesl_3","tints":[{"type":"minecraft:custom_model_data","default":16777215}]},{"type":"minecraft:model","model":"bettermodel:modern_item/jenny_curvesl_4","tints":[{"type":"minecraft:custom_model_data","default":16777215}]},{"type":"minecraft:model","model":"bettermodel:modern_item/jenny_curvesl_5","tints":[{"type":"minecraft:custom_model_data","default":16777215}]},{"type":"minecraft:model","model":"bettermodel:modern_item/jenny_curvesl_6","tints":[{"type":"minecraft:custom_model_data","default":16777215}]},{"type":"minecraft:model","model":"bettermodel:modern_item/jenny_curvesl_7","tints":[{"type":"minecraft:custom_model_data","default":16777215}]},{"type":"minecraft:model","model":"bettermodel:modern_item/jenny_curvesl_8","tints":[{"type":"minecraft:custom_model_data","default":16777215}]},{"type":"minecraft:model","model":"bettermodel:modern_item/jenny_curvesl_9","tints":[{"type":"minecraft:custom_model_data","default":16777215}]},{"type":"minecraft:model","model":"bettermodel:modern_item/jenny_curvesl_10","tints":[{"type":"minecraft:custom_model_data","default":16777215}]},{"type":"minecraft:model","model":"bettermodel:modern_item/jenny_curvesl_11","tints":[{"type":"minecraft:custom_model_data","default":16777215}]},{"type":"minecraft:model","model":"bettermodel:modern_item/jenny_curvesl_12","tints":[{"type":"minecraft:custom_model_data","default":16777215}]},{"type":"minecraft:model","model":"bettermodel:modern_item/jenny_curvesl_13","tints":[{"type":"minecraft:custom_model_data","default":16777215}]},{"type":"minecraft:model","model":"bettermodel:modern_item/jenny_curvesl_14","tints":[{"type":"minecraft:custom_model_data","default":16777215}]},{"type":"minecraft:model","model":"bettermodel:modern_item/jenny_curvesl_15","tints":[{"type":"minecraft:custom_model_data","default":16777215}]},{"type":"minecraft:model","model":"bettermodel:modern_item/jenny_curvesl_16","tints":[{"type":"minecraft:custom_model_data","default":16777215}]},{"type":"minecraft:model","model":"bettermodel:modern_item/jenny_curvesl_17","tints":[{"type":"minecraft:custom_model_data","default":16777215}]}]}},{"threshold":89,"model":{"type":"minecraft:composite","models":[{"type":"minecraft:model","model":"bettermodel:modern_item/jenny_fsidel_1","tints":[{"type":"minecraft:custom_model_data","default":16777215}]},{"type":"minecraft:model","model":"bettermodel:modern_item/jenny_fsidel_2","tints":[{"type":"minecraft:custom_model_data","default":16777215}]},{"type":"minecraft:model","model":"bettermodel:modern_item/jenny_fsidel_3","tints":[{"type":"minecraft:custom_model_data","default":16777215}]},{"type":"minecraft:model","model":"bettermodel:modern_item/jenny_fsidel_4","tints":[{"type":"minecraft:custom_model_data","default":16777215}]},{"type":"minecraft:model","model":"bettermodel:modern_item/jenny_fsidel_5","tints":[{"type":"minecraft:custom_model_data","default":16777215}]},{"type":"minecraft:model","model":"bettermodel:modern_item/jenny_fsidel_6","tints":[{"type":"minecraft:custom_model_data","default":16777215}]},{"type":"minecraft:model","model":"bettermodel:modern_item/jenny_fsidel_7","tints":[{"type":"minecraft:custom_model_data","default":16777215}]},{"type":"minecraft:model","model":"bettermodel:modern_item/jenny_fsidel_8","tints":[{"type":"minecraft:custom_model_data","default":16777215}]}]}},{"threshold":90,"model":{"type":"minecraft:composite","models":[{"type":"minecraft:model","model":"bettermodel:modern_item/jenny_bsidel_1","tints":[{"type":"minecraft:custom_model_data","default":16777215}]},{"type":"minecraft:model","model":"bettermodel:modern_item/jenny_bsidel_2","tints":[{"type":"minecraft:custom_model_data","default":16777215}]},{"type":"minecraft:model","model":"bettermodel:modern_item/jenny_bsidel_3","tints":[{"type":"minecraft:custom_model_data","default":16777215}]},{"type":"minecraft:model","model":"bettermodel:modern_item/jenny_bsidel_4","tints":[{"type":"minecraft:custom_model_data","default":16777215}]},{"type":"minecraft:model","model":"bettermodel:modern_item/jenny_bsidel_5","tints":[{"type":"minecraft:custom_model_data","default":16777215}]},{"type":"minecraft:model","model":"bettermodel:modern_item/jenny_bsidel_6","tints":[{"type":"minecraft:custom_model_data","default":16777215}]},{"type":"minecraft:model","model":"bettermodel:modern_item/jenny_bsidel_7","tints":[{"type":"minecraft:custom_model_data","default":16777215}]},{"type":"minecraft:model","model":"bettermodel:modern_item/jenny_bsidel_8","tints":[{"type":"minecraft:custom_model_data","default":16777215}]}]}},{"threshold":91,"model":{"type":"minecraft:model","model":"bettermodel:modern_item/jenny_legr_1","tints":[{"type":"minecraft:custom_model_data","default":16777215}]}},{"threshold":92,"model":{"type":"minecraft:model","model":"bettermodel:modern_item/jenny_shinr_1","tints":[{"type":"minecraft:custom_model_data","default":16777215}]}},{"threshold":93,"model":{"type":"minecraft:composite","models":[{"type":"minecraft:model","model":"bettermodel:modern_item/jenny_curvesr_1","tints":[{"type":"minecraft:custom_model_data","default":16777215}]},{"type":"minecraft:model","model":"bettermodel:modern_item/jenny_curvesr_2","tints":[{"type":"minecraft:custom_model_data","default":16777215}]},{"type":"minecraft:model","model":"bettermodel:modern_item/jenny_curvesr_3","tints":[{"type":"minecraft:custom_model_data","default":16777215}]},{"type":"minecraft:model","model":"bettermodel:modern_item/jenny_curvesr_4","tints":[{"type":"minecraft:custom_model_data","default":16777215}]},{"type":"minecraft:model","model":"bettermodel:modern_item/jenny_curvesr_5","tints":[{"type":"minecraft:custom_model_data","default":16777215}]},{"type":"minecraft:model","model":"bettermodel:modern_item/jenny_curvesr_6","tints":[{"type":"minecraft:custom_model_data","default":16777215}]},{"type":"minecraft:model","model":"bettermodel:modern_item/jenny_curvesr_7","tints":[{"type":"minecraft:custom_model_data","default":16777215}]},{"type":"minecraft:model","model":"bettermodel:modern_item/jenny_curvesr_8","tints":[{"type":"minecraft:custom_model_data","default":16777215}]},{"type":"minecraft:model","model":"bettermodel:modern_item/jenny_curvesr_9","tints":[{"type":"minecraft:custom_model_data","default":16777215}]},{"type":"minecraft:model","model":"bettermodel:modern_item/jenny_curvesr_10","tints":[{"type":"minecraft:custom_model_data","default":16777215}]},{"type":"minecraft:model","model":"bettermodel:modern_item/jenny_curvesr_11","tints":[{"type":"minecraft:custom_model_data","default":16777215}]},{"type":"minecraft:model","model":"bettermodel:modern_item/jenny_curvesr_12","tints":[{"type":"minecraft:custom_model_data","default":16777215}]},{"type":"minecraft:model","model":"bettermodel:modern_item/jenny_curvesr_13","tints":[{"type":"minecraft:custom_model_data","default":16777215}]},{"type":"minecraft:model","model":"bettermodel:modern_item/jenny_curvesr_14","tints":[{"type":"minecraft:custom_model_data","default":16777215}]},{"type":"minecraft:model","model":"bettermodel:modern_item/jenny_curvesr_15","tints":[{"type":"minecraft:custom_model_data","default":16777215}]},{"type":"minecraft:model","model":"bettermodel:modern_item/jenny_curvesr_16","tints":[{"type":"minecraft:custom_model_data","default":16777215}]},{"type":"minecraft:model","model":"bettermodel:modern_item/jenny_curvesr_17","tints":[{"type":"minecraft:custom_model_data","default":16777215}]}]}},{"threshold":94,"model":{"type":"minecraft:composite","models":[{"type":"minecraft:model","model":"bettermodel:modern_item/jenny_fsidel5_1","tints":[{"type":"minecraft:custom_model_data","default":16777215}]},{"type":"minecraft:model","model":"bettermodel:modern_item/jenny_fsidel5_2","tints":[{"type":"minecraft:custom_model_data","default":16777215}]},{"type":"minecraft:model","model":"bettermodel:modern_item/jenny_fsidel5_3","tints":[{"type":"minecraft:custom_model_data","default":16777215}]},{"type":"minecraft:model","model":"bettermodel:modern_item/jenny_fsidel5_4","tints":[{"type":"minecraft:custom_model_data","default":16777215}]},{"type":"minecraft:model","model":"bettermodel:modern_item/jenny_fsidel5_5","tints":[{"type":"minecraft:custom_model_data","default":16777215}]},{"type":"minecraft:model","model":"bettermodel:modern_item/jenny_fsidel5_6","tints":[{"type":"minecraft:custom_model_data","default":16777215}]},{"type":"minecraft:model","model":"bettermodel:modern_item/jenny_fsidel5_7","tints":[{"type":"minecraft:custom_model_data","default":16777215}]},{"type":"minecraft:model","model":"bettermodel:modern_item/jenny_fsidel5_8","tints":[{"type":"minecraft:custom_model_data","default":16777215}]}]}},{"threshold":95,"model":{"type":"minecraft:composite","models":[{"type":"minecraft:model","model":"bettermodel:modern_item/jenny_bsidel5_1","tints":[{"type":"minecraft:custom_model_data","default":16777215}]},{"type":"minecraft:model","model":"bettermodel:modern_item/jenny_bsidel5_2","tints":[{"type":"minecraft:custom_model_data","default":16777215}]},{"type":"minecraft:model","model":"bettermodel:modern_item/jenny_bsidel5_3","tints":[{"type":"minecraft:custom_model_data","default":16777215}]},{"type":"minecraft:model","model":"bettermodel:modern_item/jenny_bsidel5_4","tints":[{"type":"minecraft:custom_model_data","default":16777215}]},{"type":"minecraft:model","model":"bettermodel:modern_item/jenny_bsidel5_5","tints":[{"type":"minecraft:custom_model_data","default":16777215}]},{"type":"minecraft:model","model":"bettermodel:modern_item/jenny_bsidel5_6","tints":[{"type":"minecraft:custom_model_data","default":16777215}]},{"type":"minecraft:model","model":"bettermodel:modern_item/jenny_bsidel5_7","tints":[{"type":"minecraft:custom_model_data","default":16777215}]},{"type":"minecraft:model","model":"bettermodel:modern_item/jenny_bsidel5_8","tints":[{"type":"minecraft:custom_model_data","default":16777215}]}]}},{"threshold":96,"model":{"type":"minecraft:model","model":"bettermodel:modern_item/jenny_hitbox_1","tints":[{"type":"minecraft:custom_model_data","default":16777215}]}},{"threshold":97,"model":{"type":"minecraft:model","model":"bettermodel:modern_item/tanuki_h_bone3_1","tints":[{"type":"minecraft:custom_model_data","default":16777215}]}},{"threshold":98,"model":{"type":"minecraft:model","model":"bettermodel:modern_item/tanuki_bone_1","tints":[{"type":"minecraft:custom_model_data","default":16777215}]}},{"threshold":99,"model":{"type":"minecraft:model","model":"bettermodel:modern_item/tanuki_leg4_1","tints":[{"type":"minecraft:custom_model_data","default":16777215}]}},{"threshold":100,"model":{"type":"minecraft:model","model":"bettermodel:modern_item/tanuki_leg5_1","tints":[{"type":"minecraft:custom_model_data","default":16777215}]}},{"threshold":101,"model":{"type":"minecraft:model","model":"bettermodel:modern_item/tanuki_leg6_1","tints":[{"type":"minecraft:custom_model_data","default":16777215}]}},{"threshold":102,"model":{"type":"minecraft:model","model":"bettermodel:modern_item/tanuki_leg7_1","tints":[{"type":"minecraft:custom_model_data","default":16777215}]}},{"threshold":103,"model":{"type":"minecraft:model","model":"bettermodel:modern_item/tanuki_rotation_1","tints":[{"type":"minecraft:custom_model_data","default":16777215}]}},{"threshold":104,"model":{"type":"minecraft:model","model":"bettermodel:modern_item/tanuki_collar_1","tints":[{"type":"minecraft:custom_model_data","default":16777215}]}},{"threshold":105,"model":{"type":"minecraft:model","model":"bettermodel:modern_item/tanuki_bone2_1","tints":[{"type":"minecraft:custom_model_data","default":16777215}]}},{"threshold":106,"model":{"type":"minecraft:model","model":"bettermodel:modern_item/tanuki_ptag_nametag_1","tints":[{"type":"minecraft:custom_model_data","default":16777215}]}}]}}